<?xml version="1.0" encoding="UTF-8" ?>
	<!-- This is a WordPress eXtended RSS file generated by WordPress as an export of your site. -->
	<!-- It contains information about your site's posts, pages, comments, categories, and other content. -->
	<!-- You may use this file to transfer that content from one site to another. -->
	<!-- This file is not intended to serve as a complete backup of your site. -->

	<!-- To import this information into a WordPress site follow these steps: -->
	<!-- 1. Log in to that site as an administrator. -->
	<!-- 2. Go to Tools: Import in the WordPress admin panel. -->
	<!-- 3. Install the "WordPress" importer from the list. -->
	<!-- 4. Activate & Run Importer. -->
	<!-- 5. Upload this file using the form provided on that page. -->
	<!-- 6. You will first be asked to map the authors in this export file to users -->
	<!--    on the site. For each author, you may choose to map to an -->
	<!--    existing user on the site or to create a new user. -->
	<!-- 7. WordPress will then import each of the posts, pages, comments, categories, etc. -->
	<!--    contained in this file into your site. -->

	<!-- generator="WordPress/6.0.3" created="2023-02-03 13:44" -->
<rss version="2.0"
	xmlns:excerpt="http://wordpress.org/export/1.2/excerpt/"
	xmlns:content="http://purl.org/rss/1.0/modules/content/"
	xmlns:wfw="http://wellformedweb.org/CommentAPI/"
	xmlns:dc="http://purl.org/dc/elements/1.1/"
	xmlns:wp="http://wordpress.org/export/1.2/"
>

<channel>
	<title>Mega electronics elementor</title>
	<link>http://dummy.xtemos.com/woodmart2/mega-electronics-elementor</link>
	<description>Multipurpose WooCommerce Electronics Theme</description>
	<pubDate>Fri, 03 Feb 2023 13:44:24 +0000</pubDate>
	<language>en-US</language>
	<wp:wxr_version>1.2</wp:wxr_version>
	<wp:base_site_url>http://dummy.xtemos.com/woodmart2/</wp:base_site_url>
	<wp:base_blog_url>http://dummy.xtemos.com/woodmart2/mega-electronics-elementor</wp:base_blog_url>

		<wp:author><wp:author_id>2</wp:author_id><wp:author_login><![CDATA[zakhar]]></wp:author_login><wp:author_email><![CDATA[zak@asda.as]]></wp:author_email><wp:author_display_name><![CDATA[Mr. Mackay]]></wp:author_display_name><wp:author_first_name><![CDATA[sds]]></wp:author_first_name><wp:author_last_name><![CDATA[scssc]]></wp:author_last_name></wp:author>

					<wp:term>
			<wp:term_id>0</wp:term_id>
			<wp:term_taxonomy><![CDATA[]]></wp:term_taxonomy>
			<wp:term_slug><![CDATA[]]></wp:term_slug>
			<wp:term_parent><![CDATA[]]></wp:term_parent>
					</wp:term>
		
	<generator>https://wordpress.org/?v=6.0.3</generator>

					<item>
					<title><![CDATA[apple-macbook-pro-16-silver-1]]></title>
					<link>http://dummy.xtemos.com/woodmart2/mega-electronics-elementor/?attachment_id=8646</link>
					<pubDate>Wed, 25 Jan 2023 10:59:35 +0000</pubDate>
					<dc:creator><![CDATA[zakhar]]></dc:creator>
					<guid isPermaLink="false">http://dummy.xtemos.com/woodmart2/mega-electronics-elementor/wp-content/uploads/sites/8/2022/12/apple-macbook-pro-16-silver-1.jpg</guid>
															<wp:post_id>8646</wp:post_id>
					<wp:post_date><![CDATA[2023-01-25 10:59:35]]></wp:post_date>
					<wp:post_date_gmt><![CDATA[2023-01-25 10:59:35]]></wp:post_date_gmt>
					<wp:post_modified><![CDATA[2023-01-25 10:59:35]]></wp:post_modified>
					<wp:post_modified_gmt><![CDATA[2023-01-25 10:59:35]]></wp:post_modified_gmt>
					<wp:comment_status><![CDATA[open]]></wp:comment_status>
					<wp:post_name><![CDATA[apple-macbook-pro-16-silver-1]]></wp:post_name>
					<wp:status><![CDATA[inherit]]></wp:status>
					<wp:post_parent>835</wp:post_parent>
					<wp:menu_order>0</wp:menu_order>
					<wp:post_type><![CDATA[attachment]]></wp:post_type>
											<wp:attachment_url><![CDATA[http://dummy.xtemos.com/woodmart2/mega-electronics-elementor/wp-content/uploads/sites/8/2022/12/apple-macbook-pro-16-silver-1.jpg]]></wp:attachment_url>
																					<wp:postmeta>
							<wp:meta_key><![CDATA[_wp_attached_file]]></wp:meta_key>
							<wp:meta_value><![CDATA[2022/12/apple-macbook-pro-16-silver-1.jpg]]></wp:meta_value>
						</wp:postmeta>
										</item>
								<item>
					<title><![CDATA[apple-ipad-mini-pink-1]]></title>
					<link>http://dummy.xtemos.com/woodmart2/mega-electronics-elementor/?attachment_id=8683</link>
					<pubDate>Wed, 25 Jan 2023 12:13:02 +0000</pubDate>
					<dc:creator><![CDATA[zakhar]]></dc:creator>
					<guid isPermaLink="false">http://dummy.xtemos.com/woodmart2/mega-electronics-elementor/wp-content/uploads/sites/8/2022/12/apple-ipad-mini-pink-1.jpg</guid>
															<wp:post_id>8683</wp:post_id>
					<wp:post_date><![CDATA[2023-01-25 12:13:02]]></wp:post_date>
					<wp:post_date_gmt><![CDATA[2023-01-25 12:13:02]]></wp:post_date_gmt>
					<wp:post_modified><![CDATA[2023-01-25 12:13:02]]></wp:post_modified>
					<wp:post_modified_gmt><![CDATA[2023-01-25 12:13:02]]></wp:post_modified_gmt>
					<wp:comment_status><![CDATA[open]]></wp:comment_status>
					<wp:post_name><![CDATA[apple-ipad-mini-pink-1]]></wp:post_name>
					<wp:status><![CDATA[inherit]]></wp:status>
					<wp:post_parent>977</wp:post_parent>
					<wp:menu_order>0</wp:menu_order>
					<wp:post_type><![CDATA[attachment]]></wp:post_type>
											<wp:attachment_url><![CDATA[http://dummy.xtemos.com/woodmart2/mega-electronics-elementor/wp-content/uploads/sites/8/2022/12/apple-ipad-mini-pink-1.jpg]]></wp:attachment_url>
																					<wp:postmeta>
							<wp:meta_key><![CDATA[_wp_attached_file]]></wp:meta_key>
							<wp:meta_value><![CDATA[2022/12/apple-ipad-mini-pink-1.jpg]]></wp:meta_value>
						</wp:postmeta>
										</item>
								<item>
					<title><![CDATA[acer-prodesigner-pe320qk-1]]></title>
					<link>http://dummy.xtemos.com/woodmart2/mega-electronics-elementor/?attachment_id=8731</link>
					<pubDate>Wed, 25 Jan 2023 12:24:02 +0000</pubDate>
					<dc:creator><![CDATA[zakhar]]></dc:creator>
					<guid isPermaLink="false">http://dummy.xtemos.com/woodmart2/mega-electronics-elementor/wp-content/uploads/sites/8/2022/12/acer-prodesigner-pe320qk-1.jpg</guid>
															<wp:post_id>8731</wp:post_id>
					<wp:post_date><![CDATA[2023-01-25 12:24:02]]></wp:post_date>
					<wp:post_date_gmt><![CDATA[2023-01-25 12:24:02]]></wp:post_date_gmt>
					<wp:post_modified><![CDATA[2023-01-25 12:24:02]]></wp:post_modified>
					<wp:post_modified_gmt><![CDATA[2023-01-25 12:24:02]]></wp:post_modified_gmt>
					<wp:comment_status><![CDATA[open]]></wp:comment_status>
					<wp:post_name><![CDATA[acer-prodesigner-pe320qk-1]]></wp:post_name>
					<wp:status><![CDATA[inherit]]></wp:status>
					<wp:post_parent>1312</wp:post_parent>
					<wp:menu_order>0</wp:menu_order>
					<wp:post_type><![CDATA[attachment]]></wp:post_type>
											<wp:attachment_url><![CDATA[http://dummy.xtemos.com/woodmart2/mega-electronics-elementor/wp-content/uploads/sites/8/2022/12/acer-prodesigner-pe320qk-1.jpg]]></wp:attachment_url>
																					<wp:postmeta>
							<wp:meta_key><![CDATA[_wp_attached_file]]></wp:meta_key>
							<wp:meta_value><![CDATA[2022/12/acer-prodesigner-pe320qk-1.jpg]]></wp:meta_value>
						</wp:postmeta>
										</item>
								<item>
					<title><![CDATA[aoc-u32u1-1]]></title>
					<link>http://dummy.xtemos.com/woodmart2/mega-electronics-elementor/?attachment_id=8748</link>
					<pubDate>Wed, 25 Jan 2023 12:27:12 +0000</pubDate>
					<dc:creator><![CDATA[zakhar]]></dc:creator>
					<guid isPermaLink="false">http://dummy.xtemos.com/woodmart2/mega-electronics-elementor/wp-content/uploads/sites/8/2022/12/aoc-u32u1-1.jpg</guid>
															<wp:post_id>8748</wp:post_id>
					<wp:post_date><![CDATA[2023-01-25 12:27:12]]></wp:post_date>
					<wp:post_date_gmt><![CDATA[2023-01-25 12:27:12]]></wp:post_date_gmt>
					<wp:post_modified><![CDATA[2023-01-25 12:27:12]]></wp:post_modified>
					<wp:post_modified_gmt><![CDATA[2023-01-25 12:27:12]]></wp:post_modified_gmt>
					<wp:comment_status><![CDATA[open]]></wp:comment_status>
					<wp:post_name><![CDATA[aoc-u32u1-1]]></wp:post_name>
					<wp:status><![CDATA[inherit]]></wp:status>
					<wp:post_parent>1375</wp:post_parent>
					<wp:menu_order>0</wp:menu_order>
					<wp:post_type><![CDATA[attachment]]></wp:post_type>
											<wp:attachment_url><![CDATA[http://dummy.xtemos.com/woodmart2/mega-electronics-elementor/wp-content/uploads/sites/8/2022/12/aoc-u32u1-1.jpg]]></wp:attachment_url>
																					<wp:postmeta>
							<wp:meta_key><![CDATA[_wp_attached_file]]></wp:meta_key>
							<wp:meta_value><![CDATA[2022/12/aoc-u32u1-1.jpg]]></wp:meta_value>
						</wp:postmeta>
										</item>
								<item>
					<title><![CDATA[alogic-ultra-mini-usb-1]]></title>
					<link>http://dummy.xtemos.com/woodmart2/mega-electronics-elementor/?attachment_id=8773</link>
					<pubDate>Wed, 25 Jan 2023 12:32:36 +0000</pubDate>
					<dc:creator><![CDATA[zakhar]]></dc:creator>
					<guid isPermaLink="false">http://dummy.xtemos.com/woodmart2/mega-electronics-elementor/wp-content/uploads/sites/8/2022/12/alogic-ultra-mini-usb-1.jpg</guid>
															<wp:post_id>8773</wp:post_id>
					<wp:post_date><![CDATA[2023-01-25 12:32:36]]></wp:post_date>
					<wp:post_date_gmt><![CDATA[2023-01-25 12:32:36]]></wp:post_date_gmt>
					<wp:post_modified><![CDATA[2023-01-25 12:32:36]]></wp:post_modified>
					<wp:post_modified_gmt><![CDATA[2023-01-25 12:32:36]]></wp:post_modified_gmt>
					<wp:comment_status><![CDATA[open]]></wp:comment_status>
					<wp:post_name><![CDATA[alogic-ultra-mini-usb-1]]></wp:post_name>
					<wp:status><![CDATA[inherit]]></wp:status>
					<wp:post_parent>1408</wp:post_parent>
					<wp:menu_order>0</wp:menu_order>
					<wp:post_type><![CDATA[attachment]]></wp:post_type>
											<wp:attachment_url><![CDATA[http://dummy.xtemos.com/woodmart2/mega-electronics-elementor/wp-content/uploads/sites/8/2022/12/alogic-ultra-mini-usb-1.jpg]]></wp:attachment_url>
																					<wp:postmeta>
							<wp:meta_key><![CDATA[_wp_attached_file]]></wp:meta_key>
							<wp:meta_value><![CDATA[2022/12/alogic-ultra-mini-usb-1.jpg]]></wp:meta_value>
						</wp:postmeta>
										</item>
								<item>
					<title><![CDATA[acer-sa100-sataiii-1]]></title>
					<link>http://dummy.xtemos.com/woodmart2/mega-electronics-elementor/?attachment_id=8793</link>
					<pubDate>Wed, 25 Jan 2023 12:36:24 +0000</pubDate>
					<dc:creator><![CDATA[zakhar]]></dc:creator>
					<guid isPermaLink="false">http://dummy.xtemos.com/woodmart2/mega-electronics-elementor/wp-content/uploads/sites/8/2022/12/acer-sa100-sataiii-1.jpg</guid>
															<wp:post_id>8793</wp:post_id>
					<wp:post_date><![CDATA[2023-01-25 12:36:24]]></wp:post_date>
					<wp:post_date_gmt><![CDATA[2023-01-25 12:36:24]]></wp:post_date_gmt>
					<wp:post_modified><![CDATA[2023-01-25 12:36:24]]></wp:post_modified>
					<wp:post_modified_gmt><![CDATA[2023-01-25 12:36:24]]></wp:post_modified_gmt>
					<wp:comment_status><![CDATA[open]]></wp:comment_status>
					<wp:post_name><![CDATA[acer-sa100-sataiii-1]]></wp:post_name>
					<wp:status><![CDATA[inherit]]></wp:status>
					<wp:post_parent>1451</wp:post_parent>
					<wp:menu_order>0</wp:menu_order>
					<wp:post_type><![CDATA[attachment]]></wp:post_type>
											<wp:attachment_url><![CDATA[http://dummy.xtemos.com/woodmart2/mega-electronics-elementor/wp-content/uploads/sites/8/2022/12/acer-sa100-sataiii-1.jpg]]></wp:attachment_url>
																					<wp:postmeta>
							<wp:meta_key><![CDATA[_wp_attached_file]]></wp:meta_key>
							<wp:meta_value><![CDATA[2022/12/acer-sa100-sataiii-1.jpg]]></wp:meta_value>
						</wp:postmeta>
										</item>
								<item>
					<title><![CDATA[amd-ryzen-5-5600x-1]]></title>
					<link>http://dummy.xtemos.com/woodmart2/mega-electronics-elementor/?attachment_id=8801</link>
					<pubDate>Wed, 25 Jan 2023 12:37:54 +0000</pubDate>
					<dc:creator><![CDATA[zakhar]]></dc:creator>
					<guid isPermaLink="false">http://dummy.xtemos.com/woodmart2/mega-electronics-elementor/wp-content/uploads/sites/8/2022/12/amd-ryzen-5-5600x-1.jpg</guid>
															<wp:post_id>8801</wp:post_id>
					<wp:post_date><![CDATA[2023-01-25 12:37:54]]></wp:post_date>
					<wp:post_date_gmt><![CDATA[2023-01-25 12:37:54]]></wp:post_date_gmt>
					<wp:post_modified><![CDATA[2023-01-25 12:37:54]]></wp:post_modified>
					<wp:post_modified_gmt><![CDATA[2023-01-25 12:37:54]]></wp:post_modified_gmt>
					<wp:comment_status><![CDATA[open]]></wp:comment_status>
					<wp:post_name><![CDATA[amd-ryzen-5-5600x-1]]></wp:post_name>
					<wp:status><![CDATA[inherit]]></wp:status>
					<wp:post_parent>1524</wp:post_parent>
					<wp:menu_order>0</wp:menu_order>
					<wp:post_type><![CDATA[attachment]]></wp:post_type>
											<wp:attachment_url><![CDATA[http://dummy.xtemos.com/woodmart2/mega-electronics-elementor/wp-content/uploads/sites/8/2022/12/amd-ryzen-5-5600x-1.jpg]]></wp:attachment_url>
																					<wp:postmeta>
							<wp:meta_key><![CDATA[_wp_attached_file]]></wp:meta_key>
							<wp:meta_value><![CDATA[2022/12/amd-ryzen-5-5600x-1.jpg]]></wp:meta_value>
						</wp:postmeta>
										</item>
								<item>
					<title><![CDATA[logitech-g735-ear-mic-gallery-1-white]]></title>
					<link>http://dummy.xtemos.com/woodmart2/mega-electronics-elementor/?attachment_id=8923</link>
					<pubDate>Wed, 25 Jan 2023 13:08:24 +0000</pubDate>
					<dc:creator><![CDATA[zakhar]]></dc:creator>
					<guid isPermaLink="false">http://dummy.xtemos.com/woodmart2/mega-electronics-elementor/wp-content/uploads/sites/8/2022/12/logitech-g735-ear-mic-gallery-1-white.jpg</guid>
															<wp:post_id>8923</wp:post_id>
					<wp:post_date><![CDATA[2023-01-25 13:08:24]]></wp:post_date>
					<wp:post_date_gmt><![CDATA[2023-01-25 13:08:24]]></wp:post_date_gmt>
					<wp:post_modified><![CDATA[2023-01-25 13:08:24]]></wp:post_modified>
					<wp:post_modified_gmt><![CDATA[2023-01-25 13:08:24]]></wp:post_modified_gmt>
					<wp:comment_status><![CDATA[open]]></wp:comment_status>
					<wp:post_name><![CDATA[logitech-g735-ear-mic-gallery-1-white]]></wp:post_name>
					<wp:status><![CDATA[inherit]]></wp:status>
					<wp:post_parent>1397</wp:post_parent>
					<wp:menu_order>0</wp:menu_order>
					<wp:post_type><![CDATA[attachment]]></wp:post_type>
											<wp:attachment_url><![CDATA[http://dummy.xtemos.com/woodmart2/mega-electronics-elementor/wp-content/uploads/sites/8/2022/12/logitech-g735-ear-mic-gallery-1-white.jpg]]></wp:attachment_url>
																					<wp:postmeta>
							<wp:meta_key><![CDATA[_wp_attached_file]]></wp:meta_key>
							<wp:meta_value><![CDATA[2022/12/logitech-g735-ear-mic-gallery-1-white.jpg]]></wp:meta_value>
						</wp:postmeta>
										</item>
								<item>
					<title><![CDATA[logitech-g735-ear-mic-gallery-1-pink]]></title>
					<link>http://dummy.xtemos.com/woodmart2/mega-electronics-elementor/?attachment_id=8924</link>
					<pubDate>Wed, 25 Jan 2023 13:08:25 +0000</pubDate>
					<dc:creator><![CDATA[zakhar]]></dc:creator>
					<guid isPermaLink="false">http://dummy.xtemos.com/woodmart2/mega-electronics-elementor/wp-content/uploads/sites/8/2022/12/logitech-g735-ear-mic-gallery-1-pink.jpg</guid>
															<wp:post_id>8924</wp:post_id>
					<wp:post_date><![CDATA[2023-01-25 13:08:25]]></wp:post_date>
					<wp:post_date_gmt><![CDATA[2023-01-25 13:08:25]]></wp:post_date_gmt>
					<wp:post_modified><![CDATA[2023-01-25 13:08:25]]></wp:post_modified>
					<wp:post_modified_gmt><![CDATA[2023-01-25 13:08:25]]></wp:post_modified_gmt>
					<wp:comment_status><![CDATA[open]]></wp:comment_status>
					<wp:post_name><![CDATA[logitech-g735-ear-mic-gallery-1-pink]]></wp:post_name>
					<wp:status><![CDATA[inherit]]></wp:status>
					<wp:post_parent>1397</wp:post_parent>
					<wp:menu_order>0</wp:menu_order>
					<wp:post_type><![CDATA[attachment]]></wp:post_type>
											<wp:attachment_url><![CDATA[http://dummy.xtemos.com/woodmart2/mega-electronics-elementor/wp-content/uploads/sites/8/2022/12/logitech-g735-ear-mic-gallery-1-pink.jpg]]></wp:attachment_url>
																					<wp:postmeta>
							<wp:meta_key><![CDATA[_wp_attached_file]]></wp:meta_key>
							<wp:meta_value><![CDATA[2022/12/logitech-g735-ear-mic-gallery-1-pink.jpg]]></wp:meta_value>
						</wp:postmeta>
										</item>
								<item>
					<title><![CDATA[logitech-g735-ear-mic-gallery-1-green]]></title>
					<link>http://dummy.xtemos.com/woodmart2/mega-electronics-elementor/?attachment_id=8925</link>
					<pubDate>Wed, 25 Jan 2023 13:08:25 +0000</pubDate>
					<dc:creator><![CDATA[zakhar]]></dc:creator>
					<guid isPermaLink="false">http://dummy.xtemos.com/woodmart2/mega-electronics-elementor/wp-content/uploads/sites/8/2022/12/logitech-g735-ear-mic-gallery-1-green.jpg</guid>
															<wp:post_id>8925</wp:post_id>
					<wp:post_date><![CDATA[2023-01-25 13:08:25]]></wp:post_date>
					<wp:post_date_gmt><![CDATA[2023-01-25 13:08:25]]></wp:post_date_gmt>
					<wp:post_modified><![CDATA[2023-01-25 13:08:25]]></wp:post_modified>
					<wp:post_modified_gmt><![CDATA[2023-01-25 13:08:25]]></wp:post_modified_gmt>
					<wp:comment_status><![CDATA[open]]></wp:comment_status>
					<wp:post_name><![CDATA[logitech-g735-ear-mic-gallery-1-green]]></wp:post_name>
					<wp:status><![CDATA[inherit]]></wp:status>
					<wp:post_parent>1397</wp:post_parent>
					<wp:menu_order>0</wp:menu_order>
					<wp:post_type><![CDATA[attachment]]></wp:post_type>
											<wp:attachment_url><![CDATA[http://dummy.xtemos.com/woodmart2/mega-electronics-elementor/wp-content/uploads/sites/8/2022/12/logitech-g735-ear-mic-gallery-1-green.jpg]]></wp:attachment_url>
																					<wp:postmeta>
							<wp:meta_key><![CDATA[_wp_attached_file]]></wp:meta_key>
							<wp:meta_value><![CDATA[2022/12/logitech-g735-ear-mic-gallery-1-green.jpg]]></wp:meta_value>
						</wp:postmeta>
										</item>
								<item>
					<title><![CDATA[aoc-cu34g2x-bk-1]]></title>
					<link>http://dummy.xtemos.com/woodmart2/mega-electronics-elementor/?attachment_id=8740</link>
					<pubDate>Wed, 25 Jan 2023 12:25:48 +0000</pubDate>
					<dc:creator><![CDATA[zakhar]]></dc:creator>
					<guid isPermaLink="false">http://dummy.xtemos.com/woodmart2/mega-electronics-elementor/wp-content/uploads/sites/8/2022/12/aoc-cu34g2x-bk-1.jpg</guid>
															<wp:post_id>8740</wp:post_id>
					<wp:post_date><![CDATA[2023-01-25 12:25:48]]></wp:post_date>
					<wp:post_date_gmt><![CDATA[2023-01-25 12:25:48]]></wp:post_date_gmt>
					<wp:post_modified><![CDATA[2023-01-25 12:25:48]]></wp:post_modified>
					<wp:post_modified_gmt><![CDATA[2023-01-25 12:25:48]]></wp:post_modified_gmt>
					<wp:comment_status><![CDATA[open]]></wp:comment_status>
					<wp:post_name><![CDATA[aoc-cu34g2x-bk-1]]></wp:post_name>
					<wp:status><![CDATA[inherit]]></wp:status>
					<wp:post_parent>1364</wp:post_parent>
					<wp:menu_order>0</wp:menu_order>
					<wp:post_type><![CDATA[attachment]]></wp:post_type>
											<wp:attachment_url><![CDATA[http://dummy.xtemos.com/woodmart2/mega-electronics-elementor/wp-content/uploads/sites/8/2022/12/aoc-cu34g2x-bk-1.jpg]]></wp:attachment_url>
																					<wp:postmeta>
							<wp:meta_key><![CDATA[_wp_attached_file]]></wp:meta_key>
							<wp:meta_value><![CDATA[2022/12/aoc-cu34g2x-bk-1.jpg]]></wp:meta_value>
						</wp:postmeta>
										</item>
								<item>
					<title><![CDATA[aoc-q24p2q-1]]></title>
					<link>http://dummy.xtemos.com/woodmart2/mega-electronics-elementor/?attachment_id=8744</link>
					<pubDate>Wed, 25 Jan 2023 12:26:34 +0000</pubDate>
					<dc:creator><![CDATA[zakhar]]></dc:creator>
					<guid isPermaLink="false">http://dummy.xtemos.com/woodmart2/mega-electronics-elementor/wp-content/uploads/sites/8/2022/12/aoc-q24p2q-1.jpg</guid>
															<wp:post_id>8744</wp:post_id>
					<wp:post_date><![CDATA[2023-01-25 12:26:34]]></wp:post_date>
					<wp:post_date_gmt><![CDATA[2023-01-25 12:26:34]]></wp:post_date_gmt>
					<wp:post_modified><![CDATA[2023-01-25 12:26:34]]></wp:post_modified>
					<wp:post_modified_gmt><![CDATA[2023-01-25 12:26:34]]></wp:post_modified_gmt>
					<wp:comment_status><![CDATA[open]]></wp:comment_status>
					<wp:post_name><![CDATA[aoc-q24p2q-1]]></wp:post_name>
					<wp:status><![CDATA[inherit]]></wp:status>
					<wp:post_parent>1369</wp:post_parent>
					<wp:menu_order>0</wp:menu_order>
					<wp:post_type><![CDATA[attachment]]></wp:post_type>
											<wp:attachment_url><![CDATA[http://dummy.xtemos.com/woodmart2/mega-electronics-elementor/wp-content/uploads/sites/8/2022/12/aoc-q24p2q-1.jpg]]></wp:attachment_url>
																					<wp:postmeta>
							<wp:meta_key><![CDATA[_wp_attached_file]]></wp:meta_key>
							<wp:meta_value><![CDATA[2022/12/aoc-q24p2q-1.jpg]]></wp:meta_value>
						</wp:postmeta>
										</item>
								<item>
					<title><![CDATA[canon-i-sensys-lbp722cdw-1]]></title>
					<link>http://dummy.xtemos.com/woodmart2/mega-electronics-elementor/?attachment_id=8765</link>
					<pubDate>Wed, 25 Jan 2023 12:30:08 +0000</pubDate>
					<dc:creator><![CDATA[zakhar]]></dc:creator>
					<guid isPermaLink="false">http://dummy.xtemos.com/woodmart2/mega-electronics-elementor/wp-content/uploads/sites/8/2022/12/canon-i-sensys-lbp722cdw-1.jpg</guid>
															<wp:post_id>8765</wp:post_id>
					<wp:post_date><![CDATA[2023-01-25 12:30:08]]></wp:post_date>
					<wp:post_date_gmt><![CDATA[2023-01-25 12:30:08]]></wp:post_date_gmt>
					<wp:post_modified><![CDATA[2023-01-25 12:30:08]]></wp:post_modified>
					<wp:post_modified_gmt><![CDATA[2023-01-25 12:30:08]]></wp:post_modified_gmt>
					<wp:comment_status><![CDATA[open]]></wp:comment_status>
					<wp:post_name><![CDATA[canon-i-sensys-lbp722cdw-1]]></wp:post_name>
					<wp:status><![CDATA[inherit]]></wp:status>
					<wp:post_parent>1397</wp:post_parent>
					<wp:menu_order>0</wp:menu_order>
					<wp:post_type><![CDATA[attachment]]></wp:post_type>
											<wp:attachment_url><![CDATA[http://dummy.xtemos.com/woodmart2/mega-electronics-elementor/wp-content/uploads/sites/8/2022/12/canon-i-sensys-lbp722cdw-1.jpg]]></wp:attachment_url>
																					<wp:postmeta>
							<wp:meta_key><![CDATA[_wp_attached_file]]></wp:meta_key>
							<wp:meta_value><![CDATA[2022/12/canon-i-sensys-lbp722cdw-1.jpg]]></wp:meta_value>
						</wp:postmeta>
										</item>
								<item>
					<title><![CDATA[acer-sa100-sataiii-1]]></title>
					<link>http://dummy.xtemos.com/woodmart2/mega-electronics-elementor/?attachment_id=8793</link>
					<pubDate>Wed, 25 Jan 2023 12:36:24 +0000</pubDate>
					<dc:creator><![CDATA[zakhar]]></dc:creator>
					<guid isPermaLink="false">http://dummy.xtemos.com/woodmart2/mega-electronics-elementor/wp-content/uploads/sites/8/2022/12/acer-sa100-sataiii-1.jpg</guid>
															<wp:post_id>8793</wp:post_id>
					<wp:post_date><![CDATA[2023-01-25 12:36:24]]></wp:post_date>
					<wp:post_date_gmt><![CDATA[2023-01-25 12:36:24]]></wp:post_date_gmt>
					<wp:post_modified><![CDATA[2023-01-25 12:36:24]]></wp:post_modified>
					<wp:post_modified_gmt><![CDATA[2023-01-25 12:36:24]]></wp:post_modified_gmt>
					<wp:comment_status><![CDATA[open]]></wp:comment_status>
					<wp:post_name><![CDATA[acer-sa100-sataiii-1]]></wp:post_name>
					<wp:status><![CDATA[inherit]]></wp:status>
					<wp:post_parent>1451</wp:post_parent>
					<wp:menu_order>0</wp:menu_order>
					<wp:post_type><![CDATA[attachment]]></wp:post_type>
											<wp:attachment_url><![CDATA[http://dummy.xtemos.com/woodmart2/mega-electronics-elementor/wp-content/uploads/sites/8/2022/12/acer-sa100-sataiii-1.jpg]]></wp:attachment_url>
																					<wp:postmeta>
							<wp:meta_key><![CDATA[_wp_attached_file]]></wp:meta_key>
							<wp:meta_value><![CDATA[2022/12/acer-sa100-sataiii-1.jpg]]></wp:meta_value>
						</wp:postmeta>
										</item>
								<item>
					<title><![CDATA[logitech-g735-ear-mic-gallery-1-white]]></title>
					<link>http://dummy.xtemos.com/woodmart2/mega-electronics-elementor/?attachment_id=8923</link>
					<pubDate>Wed, 25 Jan 2023 13:08:24 +0000</pubDate>
					<dc:creator><![CDATA[zakhar]]></dc:creator>
					<guid isPermaLink="false">http://dummy.xtemos.com/woodmart2/mega-electronics-elementor/wp-content/uploads/sites/8/2022/12/logitech-g735-ear-mic-gallery-1-white.jpg</guid>
															<wp:post_id>8923</wp:post_id>
					<wp:post_date><![CDATA[2023-01-25 13:08:24]]></wp:post_date>
					<wp:post_date_gmt><![CDATA[2023-01-25 13:08:24]]></wp:post_date_gmt>
					<wp:post_modified><![CDATA[2023-01-25 13:08:24]]></wp:post_modified>
					<wp:post_modified_gmt><![CDATA[2023-01-25 13:08:24]]></wp:post_modified_gmt>
					<wp:comment_status><![CDATA[open]]></wp:comment_status>
					<wp:post_name><![CDATA[logitech-g735-ear-mic-gallery-1-white]]></wp:post_name>
					<wp:status><![CDATA[inherit]]></wp:status>
					<wp:post_parent>1397</wp:post_parent>
					<wp:menu_order>0</wp:menu_order>
					<wp:post_type><![CDATA[attachment]]></wp:post_type>
											<wp:attachment_url><![CDATA[http://dummy.xtemos.com/woodmart2/mega-electronics-elementor/wp-content/uploads/sites/8/2022/12/logitech-g735-ear-mic-gallery-1-white.jpg]]></wp:attachment_url>
																					<wp:postmeta>
							<wp:meta_key><![CDATA[_wp_attached_file]]></wp:meta_key>
							<wp:meta_value><![CDATA[2022/12/logitech-g735-ear-mic-gallery-1-white.jpg]]></wp:meta_value>
						</wp:postmeta>
										</item>
								<item>
					<title><![CDATA[logitech-g735-ear-mic-gallery-1-pink]]></title>
					<link>http://dummy.xtemos.com/woodmart2/mega-electronics-elementor/?attachment_id=8924</link>
					<pubDate>Wed, 25 Jan 2023 13:08:25 +0000</pubDate>
					<dc:creator><![CDATA[zakhar]]></dc:creator>
					<guid isPermaLink="false">http://dummy.xtemos.com/woodmart2/mega-electronics-elementor/wp-content/uploads/sites/8/2022/12/logitech-g735-ear-mic-gallery-1-pink.jpg</guid>
															<wp:post_id>8924</wp:post_id>
					<wp:post_date><![CDATA[2023-01-25 13:08:25]]></wp:post_date>
					<wp:post_date_gmt><![CDATA[2023-01-25 13:08:25]]></wp:post_date_gmt>
					<wp:post_modified><![CDATA[2023-01-25 13:08:25]]></wp:post_modified>
					<wp:post_modified_gmt><![CDATA[2023-01-25 13:08:25]]></wp:post_modified_gmt>
					<wp:comment_status><![CDATA[open]]></wp:comment_status>
					<wp:post_name><![CDATA[logitech-g735-ear-mic-gallery-1-pink]]></wp:post_name>
					<wp:status><![CDATA[inherit]]></wp:status>
					<wp:post_parent>1397</wp:post_parent>
					<wp:menu_order>0</wp:menu_order>
					<wp:post_type><![CDATA[attachment]]></wp:post_type>
											<wp:attachment_url><![CDATA[http://dummy.xtemos.com/woodmart2/mega-electronics-elementor/wp-content/uploads/sites/8/2022/12/logitech-g735-ear-mic-gallery-1-pink.jpg]]></wp:attachment_url>
																					<wp:postmeta>
							<wp:meta_key><![CDATA[_wp_attached_file]]></wp:meta_key>
							<wp:meta_value><![CDATA[2022/12/logitech-g735-ear-mic-gallery-1-pink.jpg]]></wp:meta_value>
						</wp:postmeta>
										</item>
								<item>
					<title><![CDATA[logitech-g735-ear-mic-gallery-1-green]]></title>
					<link>http://dummy.xtemos.com/woodmart2/mega-electronics-elementor/?attachment_id=8925</link>
					<pubDate>Wed, 25 Jan 2023 13:08:25 +0000</pubDate>
					<dc:creator><![CDATA[zakhar]]></dc:creator>
					<guid isPermaLink="false">http://dummy.xtemos.com/woodmart2/mega-electronics-elementor/wp-content/uploads/sites/8/2022/12/logitech-g735-ear-mic-gallery-1-green.jpg</guid>
															<wp:post_id>8925</wp:post_id>
					<wp:post_date><![CDATA[2023-01-25 13:08:25]]></wp:post_date>
					<wp:post_date_gmt><![CDATA[2023-01-25 13:08:25]]></wp:post_date_gmt>
					<wp:post_modified><![CDATA[2023-01-25 13:08:25]]></wp:post_modified>
					<wp:post_modified_gmt><![CDATA[2023-01-25 13:08:25]]></wp:post_modified_gmt>
					<wp:comment_status><![CDATA[open]]></wp:comment_status>
					<wp:post_name><![CDATA[logitech-g735-ear-mic-gallery-1-green]]></wp:post_name>
					<wp:status><![CDATA[inherit]]></wp:status>
					<wp:post_parent>1397</wp:post_parent>
					<wp:menu_order>0</wp:menu_order>
					<wp:post_type><![CDATA[attachment]]></wp:post_type>
											<wp:attachment_url><![CDATA[http://dummy.xtemos.com/woodmart2/mega-electronics-elementor/wp-content/uploads/sites/8/2022/12/logitech-g735-ear-mic-gallery-1-green.jpg]]></wp:attachment_url>
																					<wp:postmeta>
							<wp:meta_key><![CDATA[_wp_attached_file]]></wp:meta_key>
							<wp:meta_value><![CDATA[2022/12/logitech-g735-ear-mic-gallery-1-green.jpg]]></wp:meta_value>
						</wp:postmeta>
										</item>
								<item>
					<title><![CDATA[apple-ipad-mini-pink-1]]></title>
					<link>http://dummy.xtemos.com/woodmart2/mega-electronics-elementor/?attachment_id=8683</link>
					<pubDate>Wed, 25 Jan 2023 12:13:02 +0000</pubDate>
					<dc:creator><![CDATA[zakhar]]></dc:creator>
					<guid isPermaLink="false">http://dummy.xtemos.com/woodmart2/mega-electronics-elementor/wp-content/uploads/sites/8/2022/12/apple-ipad-mini-pink-1.jpg</guid>
															<wp:post_id>8683</wp:post_id>
					<wp:post_date><![CDATA[2023-01-25 12:13:02]]></wp:post_date>
					<wp:post_date_gmt><![CDATA[2023-01-25 12:13:02]]></wp:post_date_gmt>
					<wp:post_modified><![CDATA[2023-01-25 12:13:02]]></wp:post_modified>
					<wp:post_modified_gmt><![CDATA[2023-01-25 12:13:02]]></wp:post_modified_gmt>
					<wp:comment_status><![CDATA[open]]></wp:comment_status>
					<wp:post_name><![CDATA[apple-ipad-mini-pink-1]]></wp:post_name>
					<wp:status><![CDATA[inherit]]></wp:status>
					<wp:post_parent>977</wp:post_parent>
					<wp:menu_order>0</wp:menu_order>
					<wp:post_type><![CDATA[attachment]]></wp:post_type>
											<wp:attachment_url><![CDATA[http://dummy.xtemos.com/woodmart2/mega-electronics-elementor/wp-content/uploads/sites/8/2022/12/apple-ipad-mini-pink-1.jpg]]></wp:attachment_url>
																					<wp:postmeta>
							<wp:meta_key><![CDATA[_wp_attached_file]]></wp:meta_key>
							<wp:meta_value><![CDATA[2022/12/apple-ipad-mini-pink-1.jpg]]></wp:meta_value>
						</wp:postmeta>
										</item>
								<item>
					<title><![CDATA[acer-prodesigner-pe320qk-1]]></title>
					<link>http://dummy.xtemos.com/woodmart2/mega-electronics-elementor/?attachment_id=8731</link>
					<pubDate>Wed, 25 Jan 2023 12:24:02 +0000</pubDate>
					<dc:creator><![CDATA[zakhar]]></dc:creator>
					<guid isPermaLink="false">http://dummy.xtemos.com/woodmart2/mega-electronics-elementor/wp-content/uploads/sites/8/2022/12/acer-prodesigner-pe320qk-1.jpg</guid>
															<wp:post_id>8731</wp:post_id>
					<wp:post_date><![CDATA[2023-01-25 12:24:02]]></wp:post_date>
					<wp:post_date_gmt><![CDATA[2023-01-25 12:24:02]]></wp:post_date_gmt>
					<wp:post_modified><![CDATA[2023-01-25 12:24:02]]></wp:post_modified>
					<wp:post_modified_gmt><![CDATA[2023-01-25 12:24:02]]></wp:post_modified_gmt>
					<wp:comment_status><![CDATA[open]]></wp:comment_status>
					<wp:post_name><![CDATA[acer-prodesigner-pe320qk-1]]></wp:post_name>
					<wp:status><![CDATA[inherit]]></wp:status>
					<wp:post_parent>1312</wp:post_parent>
					<wp:menu_order>0</wp:menu_order>
					<wp:post_type><![CDATA[attachment]]></wp:post_type>
											<wp:attachment_url><![CDATA[http://dummy.xtemos.com/woodmart2/mega-electronics-elementor/wp-content/uploads/sites/8/2022/12/acer-prodesigner-pe320qk-1.jpg]]></wp:attachment_url>
																					<wp:postmeta>
							<wp:meta_key><![CDATA[_wp_attached_file]]></wp:meta_key>
							<wp:meta_value><![CDATA[2022/12/acer-prodesigner-pe320qk-1.jpg]]></wp:meta_value>
						</wp:postmeta>
										</item>
								<item>
					<title><![CDATA[aoc-agon-ag493ucx-1]]></title>
					<link>http://dummy.xtemos.com/woodmart2/mega-electronics-elementor/?attachment_id=8735</link>
					<pubDate>Wed, 25 Jan 2023 12:25:03 +0000</pubDate>
					<dc:creator><![CDATA[zakhar]]></dc:creator>
					<guid isPermaLink="false">http://dummy.xtemos.com/woodmart2/mega-electronics-elementor/wp-content/uploads/sites/8/2022/12/aoc-agon-ag493ucx-1.jpg</guid>
															<wp:post_id>8735</wp:post_id>
					<wp:post_date><![CDATA[2023-01-25 12:25:03]]></wp:post_date>
					<wp:post_date_gmt><![CDATA[2023-01-25 12:25:03]]></wp:post_date_gmt>
					<wp:post_modified><![CDATA[2023-01-25 12:25:03]]></wp:post_modified>
					<wp:post_modified_gmt><![CDATA[2023-01-25 12:25:03]]></wp:post_modified_gmt>
					<wp:comment_status><![CDATA[open]]></wp:comment_status>
					<wp:post_name><![CDATA[aoc-agon-ag493ucx-1]]></wp:post_name>
					<wp:status><![CDATA[inherit]]></wp:status>
					<wp:post_parent>1359</wp:post_parent>
					<wp:menu_order>0</wp:menu_order>
					<wp:post_type><![CDATA[attachment]]></wp:post_type>
											<wp:attachment_url><![CDATA[http://dummy.xtemos.com/woodmart2/mega-electronics-elementor/wp-content/uploads/sites/8/2022/12/aoc-agon-ag493ucx-1.jpg]]></wp:attachment_url>
																					<wp:postmeta>
							<wp:meta_key><![CDATA[_wp_attached_file]]></wp:meta_key>
							<wp:meta_value><![CDATA[2022/12/aoc-agon-ag493ucx-1.jpg]]></wp:meta_value>
						</wp:postmeta>
										</item>
								<item>
					<title><![CDATA[canon-i-sensys-lbp722cdw-1]]></title>
					<link>http://dummy.xtemos.com/woodmart2/mega-electronics-elementor/?attachment_id=8765</link>
					<pubDate>Wed, 25 Jan 2023 12:30:08 +0000</pubDate>
					<dc:creator><![CDATA[zakhar]]></dc:creator>
					<guid isPermaLink="false">http://dummy.xtemos.com/woodmart2/mega-electronics-elementor/wp-content/uploads/sites/8/2022/12/canon-i-sensys-lbp722cdw-1.jpg</guid>
															<wp:post_id>8765</wp:post_id>
					<wp:post_date><![CDATA[2023-01-25 12:30:08]]></wp:post_date>
					<wp:post_date_gmt><![CDATA[2023-01-25 12:30:08]]></wp:post_date_gmt>
					<wp:post_modified><![CDATA[2023-01-25 12:30:08]]></wp:post_modified>
					<wp:post_modified_gmt><![CDATA[2023-01-25 12:30:08]]></wp:post_modified_gmt>
					<wp:comment_status><![CDATA[open]]></wp:comment_status>
					<wp:post_name><![CDATA[canon-i-sensys-lbp722cdw-1]]></wp:post_name>
					<wp:status><![CDATA[inherit]]></wp:status>
					<wp:post_parent>1397</wp:post_parent>
					<wp:menu_order>0</wp:menu_order>
					<wp:post_type><![CDATA[attachment]]></wp:post_type>
											<wp:attachment_url><![CDATA[http://dummy.xtemos.com/woodmart2/mega-electronics-elementor/wp-content/uploads/sites/8/2022/12/canon-i-sensys-lbp722cdw-1.jpg]]></wp:attachment_url>
																					<wp:postmeta>
							<wp:meta_key><![CDATA[_wp_attached_file]]></wp:meta_key>
							<wp:meta_value><![CDATA[2022/12/canon-i-sensys-lbp722cdw-1.jpg]]></wp:meta_value>
						</wp:postmeta>
										</item>
								<item>
					<title><![CDATA[amd-radeon-pro-w5500-1]]></title>
					<link>http://dummy.xtemos.com/woodmart2/mega-electronics-elementor/?attachment_id=8797</link>
					<pubDate>Wed, 25 Jan 2023 12:37:01 +0000</pubDate>
					<dc:creator><![CDATA[zakhar]]></dc:creator>
					<guid isPermaLink="false">http://dummy.xtemos.com/woodmart2/mega-electronics-elementor/wp-content/uploads/sites/8/2022/12/amd-radeon-pro-w5500-1.jpg</guid>
															<wp:post_id>8797</wp:post_id>
					<wp:post_date><![CDATA[2023-01-25 12:37:01]]></wp:post_date>
					<wp:post_date_gmt><![CDATA[2023-01-25 12:37:01]]></wp:post_date_gmt>
					<wp:post_modified><![CDATA[2023-01-25 12:37:01]]></wp:post_modified>
					<wp:post_modified_gmt><![CDATA[2023-01-25 12:37:01]]></wp:post_modified_gmt>
					<wp:comment_status><![CDATA[open]]></wp:comment_status>
					<wp:post_name><![CDATA[amd-radeon-pro-w5500-1]]></wp:post_name>
					<wp:status><![CDATA[inherit]]></wp:status>
					<wp:post_parent>1519</wp:post_parent>
					<wp:menu_order>0</wp:menu_order>
					<wp:post_type><![CDATA[attachment]]></wp:post_type>
											<wp:attachment_url><![CDATA[http://dummy.xtemos.com/woodmart2/mega-electronics-elementor/wp-content/uploads/sites/8/2022/12/amd-radeon-pro-w5500-1.jpg]]></wp:attachment_url>
																					<wp:postmeta>
							<wp:meta_key><![CDATA[_wp_attached_file]]></wp:meta_key>
							<wp:meta_value><![CDATA[2022/12/amd-radeon-pro-w5500-1.jpg]]></wp:meta_value>
						</wp:postmeta>
										</item>
								<item>
					<title><![CDATA[amd-ryzen-5-5600x-1]]></title>
					<link>http://dummy.xtemos.com/woodmart2/mega-electronics-elementor/?attachment_id=8801</link>
					<pubDate>Wed, 25 Jan 2023 12:37:54 +0000</pubDate>
					<dc:creator><![CDATA[zakhar]]></dc:creator>
					<guid isPermaLink="false">http://dummy.xtemos.com/woodmart2/mega-electronics-elementor/wp-content/uploads/sites/8/2022/12/amd-ryzen-5-5600x-1.jpg</guid>
															<wp:post_id>8801</wp:post_id>
					<wp:post_date><![CDATA[2023-01-25 12:37:54]]></wp:post_date>
					<wp:post_date_gmt><![CDATA[2023-01-25 12:37:54]]></wp:post_date_gmt>
					<wp:post_modified><![CDATA[2023-01-25 12:37:54]]></wp:post_modified>
					<wp:post_modified_gmt><![CDATA[2023-01-25 12:37:54]]></wp:post_modified_gmt>
					<wp:comment_status><![CDATA[open]]></wp:comment_status>
					<wp:post_name><![CDATA[amd-ryzen-5-5600x-1]]></wp:post_name>
					<wp:status><![CDATA[inherit]]></wp:status>
					<wp:post_parent>1524</wp:post_parent>
					<wp:menu_order>0</wp:menu_order>
					<wp:post_type><![CDATA[attachment]]></wp:post_type>
											<wp:attachment_url><![CDATA[http://dummy.xtemos.com/woodmart2/mega-electronics-elementor/wp-content/uploads/sites/8/2022/12/amd-ryzen-5-5600x-1.jpg]]></wp:attachment_url>
																					<wp:postmeta>
							<wp:meta_key><![CDATA[_wp_attached_file]]></wp:meta_key>
							<wp:meta_value><![CDATA[2022/12/amd-ryzen-5-5600x-1.jpg]]></wp:meta_value>
						</wp:postmeta>
										</item>
								<item>
					<title><![CDATA[macbook-pro]]></title>
					<link>http://dummy.xtemos.com/woodmart2/mega-electronics-elementor/?attachment_id=8867</link>
					<pubDate>Wed, 25 Jan 2023 12:52:51 +0000</pubDate>
					<dc:creator><![CDATA[zakhar]]></dc:creator>
					<guid isPermaLink="false">http://dummy.xtemos.com/woodmart2/mega-electronics-elementor/wp-content/uploads/sites/8/2022/12/macbook-pro.jpg</guid>
															<wp:post_id>8867</wp:post_id>
					<wp:post_date><![CDATA[2023-01-25 12:52:51]]></wp:post_date>
					<wp:post_date_gmt><![CDATA[2023-01-25 12:52:51]]></wp:post_date_gmt>
					<wp:post_modified><![CDATA[2023-01-25 12:52:51]]></wp:post_modified>
					<wp:post_modified_gmt><![CDATA[2023-01-25 12:52:51]]></wp:post_modified_gmt>
					<wp:comment_status><![CDATA[open]]></wp:comment_status>
					<wp:post_name><![CDATA[macbook-pro]]></wp:post_name>
					<wp:status><![CDATA[inherit]]></wp:status>
					<wp:post_parent>835</wp:post_parent>
					<wp:menu_order>0</wp:menu_order>
					<wp:post_type><![CDATA[attachment]]></wp:post_type>
											<wp:attachment_url><![CDATA[http://dummy.xtemos.com/woodmart2/mega-electronics-elementor/wp-content/uploads/sites/8/2022/12/macbook-pro.jpg]]></wp:attachment_url>
																					<wp:postmeta>
							<wp:meta_key><![CDATA[_wp_attached_file]]></wp:meta_key>
							<wp:meta_value><![CDATA[2022/12/macbook-pro.jpg]]></wp:meta_value>
						</wp:postmeta>
										</item>
								<item>
					<title><![CDATA[m1-pro]]></title>
					<link>http://dummy.xtemos.com/woodmart2/mega-electronics-elementor/?attachment_id=8868</link>
					<pubDate>Wed, 25 Jan 2023 12:53:07 +0000</pubDate>
					<dc:creator><![CDATA[zakhar]]></dc:creator>
					<guid isPermaLink="false">http://dummy.xtemos.com/woodmart2/mega-electronics-elementor/wp-content/uploads/sites/8/2022/12/m1-pro.jpg</guid>
															<wp:post_id>8868</wp:post_id>
					<wp:post_date><![CDATA[2023-01-25 12:53:07]]></wp:post_date>
					<wp:post_date_gmt><![CDATA[2023-01-25 12:53:07]]></wp:post_date_gmt>
					<wp:post_modified><![CDATA[2023-01-25 12:53:07]]></wp:post_modified>
					<wp:post_modified_gmt><![CDATA[2023-01-25 12:53:07]]></wp:post_modified_gmt>
					<wp:comment_status><![CDATA[open]]></wp:comment_status>
					<wp:post_name><![CDATA[m1-pro]]></wp:post_name>
					<wp:status><![CDATA[inherit]]></wp:status>
					<wp:post_parent>835</wp:post_parent>
					<wp:menu_order>0</wp:menu_order>
					<wp:post_type><![CDATA[attachment]]></wp:post_type>
											<wp:attachment_url><![CDATA[http://dummy.xtemos.com/woodmart2/mega-electronics-elementor/wp-content/uploads/sites/8/2022/12/m1-pro.jpg]]></wp:attachment_url>
																					<wp:postmeta>
							<wp:meta_key><![CDATA[_wp_attached_file]]></wp:meta_key>
							<wp:meta_value><![CDATA[2022/12/m1-pro.jpg]]></wp:meta_value>
						</wp:postmeta>
										</item>
								<item>
					<title><![CDATA[m1-max]]></title>
					<link>http://dummy.xtemos.com/woodmart2/mega-electronics-elementor/?attachment_id=8869</link>
					<pubDate>Wed, 25 Jan 2023 12:53:16 +0000</pubDate>
					<dc:creator><![CDATA[zakhar]]></dc:creator>
					<guid isPermaLink="false">http://dummy.xtemos.com/woodmart2/mega-electronics-elementor/wp-content/uploads/sites/8/2022/12/m1-max.jpg</guid>
															<wp:post_id>8869</wp:post_id>
					<wp:post_date><![CDATA[2023-01-25 12:53:16]]></wp:post_date>
					<wp:post_date_gmt><![CDATA[2023-01-25 12:53:16]]></wp:post_date_gmt>
					<wp:post_modified><![CDATA[2023-01-25 12:53:16]]></wp:post_modified>
					<wp:post_modified_gmt><![CDATA[2023-01-25 12:53:16]]></wp:post_modified_gmt>
					<wp:comment_status><![CDATA[open]]></wp:comment_status>
					<wp:post_name><![CDATA[m1-max]]></wp:post_name>
					<wp:status><![CDATA[inherit]]></wp:status>
					<wp:post_parent>835</wp:post_parent>
					<wp:menu_order>0</wp:menu_order>
					<wp:post_type><![CDATA[attachment]]></wp:post_type>
											<wp:attachment_url><![CDATA[http://dummy.xtemos.com/woodmart2/mega-electronics-elementor/wp-content/uploads/sites/8/2022/12/m1-max.jpg]]></wp:attachment_url>
																					<wp:postmeta>
							<wp:meta_key><![CDATA[_wp_attached_file]]></wp:meta_key>
							<wp:meta_value><![CDATA[2022/12/m1-max.jpg]]></wp:meta_value>
						</wp:postmeta>
										</item>
								<item>
					<title><![CDATA[logitech-g735-ear-mic-gallery-1-white]]></title>
					<link>http://dummy.xtemos.com/woodmart2/mega-electronics-elementor/?attachment_id=8923</link>
					<pubDate>Wed, 25 Jan 2023 13:08:24 +0000</pubDate>
					<dc:creator><![CDATA[zakhar]]></dc:creator>
					<guid isPermaLink="false">http://dummy.xtemos.com/woodmart2/mega-electronics-elementor/wp-content/uploads/sites/8/2022/12/logitech-g735-ear-mic-gallery-1-white.jpg</guid>
															<wp:post_id>8923</wp:post_id>
					<wp:post_date><![CDATA[2023-01-25 13:08:24]]></wp:post_date>
					<wp:post_date_gmt><![CDATA[2023-01-25 13:08:24]]></wp:post_date_gmt>
					<wp:post_modified><![CDATA[2023-01-25 13:08:24]]></wp:post_modified>
					<wp:post_modified_gmt><![CDATA[2023-01-25 13:08:24]]></wp:post_modified_gmt>
					<wp:comment_status><![CDATA[open]]></wp:comment_status>
					<wp:post_name><![CDATA[logitech-g735-ear-mic-gallery-1-white]]></wp:post_name>
					<wp:status><![CDATA[inherit]]></wp:status>
					<wp:post_parent>1397</wp:post_parent>
					<wp:menu_order>0</wp:menu_order>
					<wp:post_type><![CDATA[attachment]]></wp:post_type>
											<wp:attachment_url><![CDATA[http://dummy.xtemos.com/woodmart2/mega-electronics-elementor/wp-content/uploads/sites/8/2022/12/logitech-g735-ear-mic-gallery-1-white.jpg]]></wp:attachment_url>
																					<wp:postmeta>
							<wp:meta_key><![CDATA[_wp_attached_file]]></wp:meta_key>
							<wp:meta_value><![CDATA[2022/12/logitech-g735-ear-mic-gallery-1-white.jpg]]></wp:meta_value>
						</wp:postmeta>
										</item>
								<item>
					<title><![CDATA[logitech-g735-ear-mic-gallery-1-pink]]></title>
					<link>http://dummy.xtemos.com/woodmart2/mega-electronics-elementor/?attachment_id=8924</link>
					<pubDate>Wed, 25 Jan 2023 13:08:25 +0000</pubDate>
					<dc:creator><![CDATA[zakhar]]></dc:creator>
					<guid isPermaLink="false">http://dummy.xtemos.com/woodmart2/mega-electronics-elementor/wp-content/uploads/sites/8/2022/12/logitech-g735-ear-mic-gallery-1-pink.jpg</guid>
															<wp:post_id>8924</wp:post_id>
					<wp:post_date><![CDATA[2023-01-25 13:08:25]]></wp:post_date>
					<wp:post_date_gmt><![CDATA[2023-01-25 13:08:25]]></wp:post_date_gmt>
					<wp:post_modified><![CDATA[2023-01-25 13:08:25]]></wp:post_modified>
					<wp:post_modified_gmt><![CDATA[2023-01-25 13:08:25]]></wp:post_modified_gmt>
					<wp:comment_status><![CDATA[open]]></wp:comment_status>
					<wp:post_name><![CDATA[logitech-g735-ear-mic-gallery-1-pink]]></wp:post_name>
					<wp:status><![CDATA[inherit]]></wp:status>
					<wp:post_parent>1397</wp:post_parent>
					<wp:menu_order>0</wp:menu_order>
					<wp:post_type><![CDATA[attachment]]></wp:post_type>
											<wp:attachment_url><![CDATA[http://dummy.xtemos.com/woodmart2/mega-electronics-elementor/wp-content/uploads/sites/8/2022/12/logitech-g735-ear-mic-gallery-1-pink.jpg]]></wp:attachment_url>
																					<wp:postmeta>
							<wp:meta_key><![CDATA[_wp_attached_file]]></wp:meta_key>
							<wp:meta_value><![CDATA[2022/12/logitech-g735-ear-mic-gallery-1-pink.jpg]]></wp:meta_value>
						</wp:postmeta>
										</item>
								<item>
					<title><![CDATA[logitech-g735-ear-mic-gallery-1-green]]></title>
					<link>http://dummy.xtemos.com/woodmart2/mega-electronics-elementor/?attachment_id=8925</link>
					<pubDate>Wed, 25 Jan 2023 13:08:25 +0000</pubDate>
					<dc:creator><![CDATA[zakhar]]></dc:creator>
					<guid isPermaLink="false">http://dummy.xtemos.com/woodmart2/mega-electronics-elementor/wp-content/uploads/sites/8/2022/12/logitech-g735-ear-mic-gallery-1-green.jpg</guid>
															<wp:post_id>8925</wp:post_id>
					<wp:post_date><![CDATA[2023-01-25 13:08:25]]></wp:post_date>
					<wp:post_date_gmt><![CDATA[2023-01-25 13:08:25]]></wp:post_date_gmt>
					<wp:post_modified><![CDATA[2023-01-25 13:08:25]]></wp:post_modified>
					<wp:post_modified_gmt><![CDATA[2023-01-25 13:08:25]]></wp:post_modified_gmt>
					<wp:comment_status><![CDATA[open]]></wp:comment_status>
					<wp:post_name><![CDATA[logitech-g735-ear-mic-gallery-1-green]]></wp:post_name>
					<wp:status><![CDATA[inherit]]></wp:status>
					<wp:post_parent>1397</wp:post_parent>
					<wp:menu_order>0</wp:menu_order>
					<wp:post_type><![CDATA[attachment]]></wp:post_type>
											<wp:attachment_url><![CDATA[http://dummy.xtemos.com/woodmart2/mega-electronics-elementor/wp-content/uploads/sites/8/2022/12/logitech-g735-ear-mic-gallery-1-green.jpg]]></wp:attachment_url>
																					<wp:postmeta>
							<wp:meta_key><![CDATA[_wp_attached_file]]></wp:meta_key>
							<wp:meta_value><![CDATA[2022/12/logitech-g735-ear-mic-gallery-1-green.jpg]]></wp:meta_value>
						</wp:postmeta>
										</item>
								<item>
					<title><![CDATA[asus-tuf-gaming-1]]></title>
					<link>http://dummy.xtemos.com/woodmart2/mega-electronics-elementor/?attachment_id=8672</link>
					<pubDate>Wed, 25 Jan 2023 12:09:10 +0000</pubDate>
					<dc:creator><![CDATA[zakhar]]></dc:creator>
					<guid isPermaLink="false">http://dummy.xtemos.com/woodmart2/mega-electronics-elementor/wp-content/uploads/sites/8/2022/12/asus-tuf-gaming-1.jpg</guid>
															<wp:post_id>8672</wp:post_id>
					<wp:post_date><![CDATA[2023-01-25 12:09:10]]></wp:post_date>
					<wp:post_date_gmt><![CDATA[2023-01-25 12:09:10]]></wp:post_date_gmt>
					<wp:post_modified><![CDATA[2023-01-25 12:09:10]]></wp:post_modified>
					<wp:post_modified_gmt><![CDATA[2023-01-25 12:09:10]]></wp:post_modified_gmt>
					<wp:comment_status><![CDATA[open]]></wp:comment_status>
					<wp:post_name><![CDATA[asus-tuf-gaming-1]]></wp:post_name>
					<wp:status><![CDATA[inherit]]></wp:status>
					<wp:post_parent>955</wp:post_parent>
					<wp:menu_order>0</wp:menu_order>
					<wp:post_type><![CDATA[attachment]]></wp:post_type>
											<wp:attachment_url><![CDATA[http://dummy.xtemos.com/woodmart2/mega-electronics-elementor/wp-content/uploads/sites/8/2022/12/asus-tuf-gaming-1.jpg]]></wp:attachment_url>
																					<wp:postmeta>
							<wp:meta_key><![CDATA[_wp_attached_file]]></wp:meta_key>
							<wp:meta_value><![CDATA[2022/12/asus-tuf-gaming-1.jpg]]></wp:meta_value>
						</wp:postmeta>
										</item>
								<item>
					<title><![CDATA[apple-ipad-mini-pink-1]]></title>
					<link>http://dummy.xtemos.com/woodmart2/mega-electronics-elementor/?attachment_id=8683</link>
					<pubDate>Wed, 25 Jan 2023 12:13:02 +0000</pubDate>
					<dc:creator><![CDATA[zakhar]]></dc:creator>
					<guid isPermaLink="false">http://dummy.xtemos.com/woodmart2/mega-electronics-elementor/wp-content/uploads/sites/8/2022/12/apple-ipad-mini-pink-1.jpg</guid>
															<wp:post_id>8683</wp:post_id>
					<wp:post_date><![CDATA[2023-01-25 12:13:02]]></wp:post_date>
					<wp:post_date_gmt><![CDATA[2023-01-25 12:13:02]]></wp:post_date_gmt>
					<wp:post_modified><![CDATA[2023-01-25 12:13:02]]></wp:post_modified>
					<wp:post_modified_gmt><![CDATA[2023-01-25 12:13:02]]></wp:post_modified_gmt>
					<wp:comment_status><![CDATA[open]]></wp:comment_status>
					<wp:post_name><![CDATA[apple-ipad-mini-pink-1]]></wp:post_name>
					<wp:status><![CDATA[inherit]]></wp:status>
					<wp:post_parent>977</wp:post_parent>
					<wp:menu_order>0</wp:menu_order>
					<wp:post_type><![CDATA[attachment]]></wp:post_type>
											<wp:attachment_url><![CDATA[http://dummy.xtemos.com/woodmart2/mega-electronics-elementor/wp-content/uploads/sites/8/2022/12/apple-ipad-mini-pink-1.jpg]]></wp:attachment_url>
																					<wp:postmeta>
							<wp:meta_key><![CDATA[_wp_attached_file]]></wp:meta_key>
							<wp:meta_value><![CDATA[2022/12/apple-ipad-mini-pink-1.jpg]]></wp:meta_value>
						</wp:postmeta>
										</item>
								<item>
					<title><![CDATA[aoc-cu34g2x-bk-1]]></title>
					<link>http://dummy.xtemos.com/woodmart2/mega-electronics-elementor/?attachment_id=8740</link>
					<pubDate>Wed, 25 Jan 2023 12:25:48 +0000</pubDate>
					<dc:creator><![CDATA[zakhar]]></dc:creator>
					<guid isPermaLink="false">http://dummy.xtemos.com/woodmart2/mega-electronics-elementor/wp-content/uploads/sites/8/2022/12/aoc-cu34g2x-bk-1.jpg</guid>
															<wp:post_id>8740</wp:post_id>
					<wp:post_date><![CDATA[2023-01-25 12:25:48]]></wp:post_date>
					<wp:post_date_gmt><![CDATA[2023-01-25 12:25:48]]></wp:post_date_gmt>
					<wp:post_modified><![CDATA[2023-01-25 12:25:48]]></wp:post_modified>
					<wp:post_modified_gmt><![CDATA[2023-01-25 12:25:48]]></wp:post_modified_gmt>
					<wp:comment_status><![CDATA[open]]></wp:comment_status>
					<wp:post_name><![CDATA[aoc-cu34g2x-bk-1]]></wp:post_name>
					<wp:status><![CDATA[inherit]]></wp:status>
					<wp:post_parent>1364</wp:post_parent>
					<wp:menu_order>0</wp:menu_order>
					<wp:post_type><![CDATA[attachment]]></wp:post_type>
											<wp:attachment_url><![CDATA[http://dummy.xtemos.com/woodmart2/mega-electronics-elementor/wp-content/uploads/sites/8/2022/12/aoc-cu34g2x-bk-1.jpg]]></wp:attachment_url>
																					<wp:postmeta>
							<wp:meta_key><![CDATA[_wp_attached_file]]></wp:meta_key>
							<wp:meta_value><![CDATA[2022/12/aoc-cu34g2x-bk-1.jpg]]></wp:meta_value>
						</wp:postmeta>
										</item>
								<item>
					<title><![CDATA[aoc-q24p2q-1]]></title>
					<link>http://dummy.xtemos.com/woodmart2/mega-electronics-elementor/?attachment_id=8744</link>
					<pubDate>Wed, 25 Jan 2023 12:26:34 +0000</pubDate>
					<dc:creator><![CDATA[zakhar]]></dc:creator>
					<guid isPermaLink="false">http://dummy.xtemos.com/woodmart2/mega-electronics-elementor/wp-content/uploads/sites/8/2022/12/aoc-q24p2q-1.jpg</guid>
															<wp:post_id>8744</wp:post_id>
					<wp:post_date><![CDATA[2023-01-25 12:26:34]]></wp:post_date>
					<wp:post_date_gmt><![CDATA[2023-01-25 12:26:34]]></wp:post_date_gmt>
					<wp:post_modified><![CDATA[2023-01-25 12:26:34]]></wp:post_modified>
					<wp:post_modified_gmt><![CDATA[2023-01-25 12:26:34]]></wp:post_modified_gmt>
					<wp:comment_status><![CDATA[open]]></wp:comment_status>
					<wp:post_name><![CDATA[aoc-q24p2q-1]]></wp:post_name>
					<wp:status><![CDATA[inherit]]></wp:status>
					<wp:post_parent>1369</wp:post_parent>
					<wp:menu_order>0</wp:menu_order>
					<wp:post_type><![CDATA[attachment]]></wp:post_type>
											<wp:attachment_url><![CDATA[http://dummy.xtemos.com/woodmart2/mega-electronics-elementor/wp-content/uploads/sites/8/2022/12/aoc-q24p2q-1.jpg]]></wp:attachment_url>
																					<wp:postmeta>
							<wp:meta_key><![CDATA[_wp_attached_file]]></wp:meta_key>
							<wp:meta_value><![CDATA[2022/12/aoc-q24p2q-1.jpg]]></wp:meta_value>
						</wp:postmeta>
										</item>
								<item>
					<title><![CDATA[canon-i-sensys-lbp722cdw-1]]></title>
					<link>http://dummy.xtemos.com/woodmart2/mega-electronics-elementor/?attachment_id=8765</link>
					<pubDate>Wed, 25 Jan 2023 12:30:08 +0000</pubDate>
					<dc:creator><![CDATA[zakhar]]></dc:creator>
					<guid isPermaLink="false">http://dummy.xtemos.com/woodmart2/mega-electronics-elementor/wp-content/uploads/sites/8/2022/12/canon-i-sensys-lbp722cdw-1.jpg</guid>
															<wp:post_id>8765</wp:post_id>
					<wp:post_date><![CDATA[2023-01-25 12:30:08]]></wp:post_date>
					<wp:post_date_gmt><![CDATA[2023-01-25 12:30:08]]></wp:post_date_gmt>
					<wp:post_modified><![CDATA[2023-01-25 12:30:08]]></wp:post_modified>
					<wp:post_modified_gmt><![CDATA[2023-01-25 12:30:08]]></wp:post_modified_gmt>
					<wp:comment_status><![CDATA[open]]></wp:comment_status>
					<wp:post_name><![CDATA[canon-i-sensys-lbp722cdw-1]]></wp:post_name>
					<wp:status><![CDATA[inherit]]></wp:status>
					<wp:post_parent>1397</wp:post_parent>
					<wp:menu_order>0</wp:menu_order>
					<wp:post_type><![CDATA[attachment]]></wp:post_type>
											<wp:attachment_url><![CDATA[http://dummy.xtemos.com/woodmart2/mega-electronics-elementor/wp-content/uploads/sites/8/2022/12/canon-i-sensys-lbp722cdw-1.jpg]]></wp:attachment_url>
																					<wp:postmeta>
							<wp:meta_key><![CDATA[_wp_attached_file]]></wp:meta_key>
							<wp:meta_value><![CDATA[2022/12/canon-i-sensys-lbp722cdw-1.jpg]]></wp:meta_value>
						</wp:postmeta>
										</item>
								<item>
					<title><![CDATA[alogic-ultra-mini-usb-1]]></title>
					<link>http://dummy.xtemos.com/woodmart2/mega-electronics-elementor/?attachment_id=8773</link>
					<pubDate>Wed, 25 Jan 2023 12:32:36 +0000</pubDate>
					<dc:creator><![CDATA[zakhar]]></dc:creator>
					<guid isPermaLink="false">http://dummy.xtemos.com/woodmart2/mega-electronics-elementor/wp-content/uploads/sites/8/2022/12/alogic-ultra-mini-usb-1.jpg</guid>
															<wp:post_id>8773</wp:post_id>
					<wp:post_date><![CDATA[2023-01-25 12:32:36]]></wp:post_date>
					<wp:post_date_gmt><![CDATA[2023-01-25 12:32:36]]></wp:post_date_gmt>
					<wp:post_modified><![CDATA[2023-01-25 12:32:36]]></wp:post_modified>
					<wp:post_modified_gmt><![CDATA[2023-01-25 12:32:36]]></wp:post_modified_gmt>
					<wp:comment_status><![CDATA[open]]></wp:comment_status>
					<wp:post_name><![CDATA[alogic-ultra-mini-usb-1]]></wp:post_name>
					<wp:status><![CDATA[inherit]]></wp:status>
					<wp:post_parent>1408</wp:post_parent>
					<wp:menu_order>0</wp:menu_order>
					<wp:post_type><![CDATA[attachment]]></wp:post_type>
											<wp:attachment_url><![CDATA[http://dummy.xtemos.com/woodmart2/mega-electronics-elementor/wp-content/uploads/sites/8/2022/12/alogic-ultra-mini-usb-1.jpg]]></wp:attachment_url>
																					<wp:postmeta>
							<wp:meta_key><![CDATA[_wp_attached_file]]></wp:meta_key>
							<wp:meta_value><![CDATA[2022/12/alogic-ultra-mini-usb-1.jpg]]></wp:meta_value>
						</wp:postmeta>
										</item>
								<item>
					<title><![CDATA[acer-sa100-sataiii-1]]></title>
					<link>http://dummy.xtemos.com/woodmart2/mega-electronics-elementor/?attachment_id=8793</link>
					<pubDate>Wed, 25 Jan 2023 12:36:24 +0000</pubDate>
					<dc:creator><![CDATA[zakhar]]></dc:creator>
					<guid isPermaLink="false">http://dummy.xtemos.com/woodmart2/mega-electronics-elementor/wp-content/uploads/sites/8/2022/12/acer-sa100-sataiii-1.jpg</guid>
															<wp:post_id>8793</wp:post_id>
					<wp:post_date><![CDATA[2023-01-25 12:36:24]]></wp:post_date>
					<wp:post_date_gmt><![CDATA[2023-01-25 12:36:24]]></wp:post_date_gmt>
					<wp:post_modified><![CDATA[2023-01-25 12:36:24]]></wp:post_modified>
					<wp:post_modified_gmt><![CDATA[2023-01-25 12:36:24]]></wp:post_modified_gmt>
					<wp:comment_status><![CDATA[open]]></wp:comment_status>
					<wp:post_name><![CDATA[acer-sa100-sataiii-1]]></wp:post_name>
					<wp:status><![CDATA[inherit]]></wp:status>
					<wp:post_parent>1451</wp:post_parent>
					<wp:menu_order>0</wp:menu_order>
					<wp:post_type><![CDATA[attachment]]></wp:post_type>
											<wp:attachment_url><![CDATA[http://dummy.xtemos.com/woodmart2/mega-electronics-elementor/wp-content/uploads/sites/8/2022/12/acer-sa100-sataiii-1.jpg]]></wp:attachment_url>
																					<wp:postmeta>
							<wp:meta_key><![CDATA[_wp_attached_file]]></wp:meta_key>
							<wp:meta_value><![CDATA[2022/12/acer-sa100-sataiii-1.jpg]]></wp:meta_value>
						</wp:postmeta>
										</item>
								<item>
					<title><![CDATA[amd-radeon-pro-w5500-1]]></title>
					<link>http://dummy.xtemos.com/woodmart2/mega-electronics-elementor/?attachment_id=8797</link>
					<pubDate>Wed, 25 Jan 2023 12:37:01 +0000</pubDate>
					<dc:creator><![CDATA[zakhar]]></dc:creator>
					<guid isPermaLink="false">http://dummy.xtemos.com/woodmart2/mega-electronics-elementor/wp-content/uploads/sites/8/2022/12/amd-radeon-pro-w5500-1.jpg</guid>
															<wp:post_id>8797</wp:post_id>
					<wp:post_date><![CDATA[2023-01-25 12:37:01]]></wp:post_date>
					<wp:post_date_gmt><![CDATA[2023-01-25 12:37:01]]></wp:post_date_gmt>
					<wp:post_modified><![CDATA[2023-01-25 12:37:01]]></wp:post_modified>
					<wp:post_modified_gmt><![CDATA[2023-01-25 12:37:01]]></wp:post_modified_gmt>
					<wp:comment_status><![CDATA[open]]></wp:comment_status>
					<wp:post_name><![CDATA[amd-radeon-pro-w5500-1]]></wp:post_name>
					<wp:status><![CDATA[inherit]]></wp:status>
					<wp:post_parent>1519</wp:post_parent>
					<wp:menu_order>0</wp:menu_order>
					<wp:post_type><![CDATA[attachment]]></wp:post_type>
											<wp:attachment_url><![CDATA[http://dummy.xtemos.com/woodmart2/mega-electronics-elementor/wp-content/uploads/sites/8/2022/12/amd-radeon-pro-w5500-1.jpg]]></wp:attachment_url>
																					<wp:postmeta>
							<wp:meta_key><![CDATA[_wp_attached_file]]></wp:meta_key>
							<wp:meta_value><![CDATA[2022/12/amd-radeon-pro-w5500-1.jpg]]></wp:meta_value>
						</wp:postmeta>
										</item>
								<item>
					<title><![CDATA[macbook-pro]]></title>
					<link>http://dummy.xtemos.com/woodmart2/mega-electronics-elementor/?attachment_id=8867</link>
					<pubDate>Wed, 25 Jan 2023 12:52:51 +0000</pubDate>
					<dc:creator><![CDATA[zakhar]]></dc:creator>
					<guid isPermaLink="false">http://dummy.xtemos.com/woodmart2/mega-electronics-elementor/wp-content/uploads/sites/8/2022/12/macbook-pro.jpg</guid>
															<wp:post_id>8867</wp:post_id>
					<wp:post_date><![CDATA[2023-01-25 12:52:51]]></wp:post_date>
					<wp:post_date_gmt><![CDATA[2023-01-25 12:52:51]]></wp:post_date_gmt>
					<wp:post_modified><![CDATA[2023-01-25 12:52:51]]></wp:post_modified>
					<wp:post_modified_gmt><![CDATA[2023-01-25 12:52:51]]></wp:post_modified_gmt>
					<wp:comment_status><![CDATA[open]]></wp:comment_status>
					<wp:post_name><![CDATA[macbook-pro]]></wp:post_name>
					<wp:status><![CDATA[inherit]]></wp:status>
					<wp:post_parent>835</wp:post_parent>
					<wp:menu_order>0</wp:menu_order>
					<wp:post_type><![CDATA[attachment]]></wp:post_type>
											<wp:attachment_url><![CDATA[http://dummy.xtemos.com/woodmart2/mega-electronics-elementor/wp-content/uploads/sites/8/2022/12/macbook-pro.jpg]]></wp:attachment_url>
																					<wp:postmeta>
							<wp:meta_key><![CDATA[_wp_attached_file]]></wp:meta_key>
							<wp:meta_value><![CDATA[2022/12/macbook-pro.jpg]]></wp:meta_value>
						</wp:postmeta>
										</item>
								<item>
					<title><![CDATA[m1-pro]]></title>
					<link>http://dummy.xtemos.com/woodmart2/mega-electronics-elementor/?attachment_id=8868</link>
					<pubDate>Wed, 25 Jan 2023 12:53:07 +0000</pubDate>
					<dc:creator><![CDATA[zakhar]]></dc:creator>
					<guid isPermaLink="false">http://dummy.xtemos.com/woodmart2/mega-electronics-elementor/wp-content/uploads/sites/8/2022/12/m1-pro.jpg</guid>
															<wp:post_id>8868</wp:post_id>
					<wp:post_date><![CDATA[2023-01-25 12:53:07]]></wp:post_date>
					<wp:post_date_gmt><![CDATA[2023-01-25 12:53:07]]></wp:post_date_gmt>
					<wp:post_modified><![CDATA[2023-01-25 12:53:07]]></wp:post_modified>
					<wp:post_modified_gmt><![CDATA[2023-01-25 12:53:07]]></wp:post_modified_gmt>
					<wp:comment_status><![CDATA[open]]></wp:comment_status>
					<wp:post_name><![CDATA[m1-pro]]></wp:post_name>
					<wp:status><![CDATA[inherit]]></wp:status>
					<wp:post_parent>835</wp:post_parent>
					<wp:menu_order>0</wp:menu_order>
					<wp:post_type><![CDATA[attachment]]></wp:post_type>
											<wp:attachment_url><![CDATA[http://dummy.xtemos.com/woodmart2/mega-electronics-elementor/wp-content/uploads/sites/8/2022/12/m1-pro.jpg]]></wp:attachment_url>
																					<wp:postmeta>
							<wp:meta_key><![CDATA[_wp_attached_file]]></wp:meta_key>
							<wp:meta_value><![CDATA[2022/12/m1-pro.jpg]]></wp:meta_value>
						</wp:postmeta>
										</item>
								<item>
					<title><![CDATA[m1-max]]></title>
					<link>http://dummy.xtemos.com/woodmart2/mega-electronics-elementor/?attachment_id=8869</link>
					<pubDate>Wed, 25 Jan 2023 12:53:16 +0000</pubDate>
					<dc:creator><![CDATA[zakhar]]></dc:creator>
					<guid isPermaLink="false">http://dummy.xtemos.com/woodmart2/mega-electronics-elementor/wp-content/uploads/sites/8/2022/12/m1-max.jpg</guid>
															<wp:post_id>8869</wp:post_id>
					<wp:post_date><![CDATA[2023-01-25 12:53:16]]></wp:post_date>
					<wp:post_date_gmt><![CDATA[2023-01-25 12:53:16]]></wp:post_date_gmt>
					<wp:post_modified><![CDATA[2023-01-25 12:53:16]]></wp:post_modified>
					<wp:post_modified_gmt><![CDATA[2023-01-25 12:53:16]]></wp:post_modified_gmt>
					<wp:comment_status><![CDATA[open]]></wp:comment_status>
					<wp:post_name><![CDATA[m1-max]]></wp:post_name>
					<wp:status><![CDATA[inherit]]></wp:status>
					<wp:post_parent>835</wp:post_parent>
					<wp:menu_order>0</wp:menu_order>
					<wp:post_type><![CDATA[attachment]]></wp:post_type>
											<wp:attachment_url><![CDATA[http://dummy.xtemos.com/woodmart2/mega-electronics-elementor/wp-content/uploads/sites/8/2022/12/m1-max.jpg]]></wp:attachment_url>
																					<wp:postmeta>
							<wp:meta_key><![CDATA[_wp_attached_file]]></wp:meta_key>
							<wp:meta_value><![CDATA[2022/12/m1-max.jpg]]></wp:meta_value>
						</wp:postmeta>
										</item>
								<item>
					<title><![CDATA[Retina]]></title>
					<link>http://dummy.xtemos.com/woodmart2/mega-electronics-elementor/?attachment_id=8870</link>
					<pubDate>Wed, 25 Jan 2023 12:53:29 +0000</pubDate>
					<dc:creator><![CDATA[zakhar]]></dc:creator>
					<guid isPermaLink="false">http://dummy.xtemos.com/woodmart2/mega-electronics-elementor/wp-content/uploads/sites/8/2022/12/Retina.jpg</guid>
															<wp:post_id>8870</wp:post_id>
					<wp:post_date><![CDATA[2023-01-25 12:53:29]]></wp:post_date>
					<wp:post_date_gmt><![CDATA[2023-01-25 12:53:29]]></wp:post_date_gmt>
					<wp:post_modified><![CDATA[2023-01-25 12:53:29]]></wp:post_modified>
					<wp:post_modified_gmt><![CDATA[2023-01-25 12:53:29]]></wp:post_modified_gmt>
					<wp:comment_status><![CDATA[open]]></wp:comment_status>
					<wp:post_name><![CDATA[retina]]></wp:post_name>
					<wp:status><![CDATA[inherit]]></wp:status>
					<wp:post_parent>835</wp:post_parent>
					<wp:menu_order>0</wp:menu_order>
					<wp:post_type><![CDATA[attachment]]></wp:post_type>
											<wp:attachment_url><![CDATA[http://dummy.xtemos.com/woodmart2/mega-electronics-elementor/wp-content/uploads/sites/8/2022/12/Retina.jpg]]></wp:attachment_url>
																					<wp:postmeta>
							<wp:meta_key><![CDATA[_wp_attached_file]]></wp:meta_key>
							<wp:meta_value><![CDATA[2022/12/Retina.jpg]]></wp:meta_value>
						</wp:postmeta>
										</item>
								<item>
					<title><![CDATA[mac-os-1]]></title>
					<link>http://dummy.xtemos.com/woodmart2/mega-electronics-elementor/?attachment_id=8871</link>
					<pubDate>Wed, 25 Jan 2023 12:53:41 +0000</pubDate>
					<dc:creator><![CDATA[zakhar]]></dc:creator>
					<guid isPermaLink="false">http://dummy.xtemos.com/woodmart2/mega-electronics-elementor/wp-content/uploads/sites/8/2022/12/mac-os-1.jpg</guid>
															<wp:post_id>8871</wp:post_id>
					<wp:post_date><![CDATA[2023-01-25 12:53:41]]></wp:post_date>
					<wp:post_date_gmt><![CDATA[2023-01-25 12:53:41]]></wp:post_date_gmt>
					<wp:post_modified><![CDATA[2023-01-25 12:53:41]]></wp:post_modified>
					<wp:post_modified_gmt><![CDATA[2023-01-25 12:53:41]]></wp:post_modified_gmt>
					<wp:comment_status><![CDATA[open]]></wp:comment_status>
					<wp:post_name><![CDATA[mac-os-1]]></wp:post_name>
					<wp:status><![CDATA[inherit]]></wp:status>
					<wp:post_parent>835</wp:post_parent>
					<wp:menu_order>0</wp:menu_order>
					<wp:post_type><![CDATA[attachment]]></wp:post_type>
											<wp:attachment_url><![CDATA[http://dummy.xtemos.com/woodmart2/mega-electronics-elementor/wp-content/uploads/sites/8/2022/12/mac-os-1.jpg]]></wp:attachment_url>
																					<wp:postmeta>
							<wp:meta_key><![CDATA[_wp_attached_file]]></wp:meta_key>
							<wp:meta_value><![CDATA[2022/12/mac-os-1.jpg]]></wp:meta_value>
						</wp:postmeta>
										</item>
								<item>
					<title><![CDATA[mac-os-2]]></title>
					<link>http://dummy.xtemos.com/woodmart2/mega-electronics-elementor/?attachment_id=8872</link>
					<pubDate>Wed, 25 Jan 2023 12:53:58 +0000</pubDate>
					<dc:creator><![CDATA[zakhar]]></dc:creator>
					<guid isPermaLink="false">http://dummy.xtemos.com/woodmart2/mega-electronics-elementor/wp-content/uploads/sites/8/2022/12/mac-os-2.jpg</guid>
															<wp:post_id>8872</wp:post_id>
					<wp:post_date><![CDATA[2023-01-25 12:53:58]]></wp:post_date>
					<wp:post_date_gmt><![CDATA[2023-01-25 12:53:58]]></wp:post_date_gmt>
					<wp:post_modified><![CDATA[2023-01-25 12:53:58]]></wp:post_modified>
					<wp:post_modified_gmt><![CDATA[2023-01-25 12:53:58]]></wp:post_modified_gmt>
					<wp:comment_status><![CDATA[open]]></wp:comment_status>
					<wp:post_name><![CDATA[mac-os-2]]></wp:post_name>
					<wp:status><![CDATA[inherit]]></wp:status>
					<wp:post_parent>835</wp:post_parent>
					<wp:menu_order>0</wp:menu_order>
					<wp:post_type><![CDATA[attachment]]></wp:post_type>
											<wp:attachment_url><![CDATA[http://dummy.xtemos.com/woodmart2/mega-electronics-elementor/wp-content/uploads/sites/8/2022/12/mac-os-2.jpg]]></wp:attachment_url>
																					<wp:postmeta>
							<wp:meta_key><![CDATA[_wp_attached_file]]></wp:meta_key>
							<wp:meta_value><![CDATA[2022/12/mac-os-2.jpg]]></wp:meta_value>
						</wp:postmeta>
										</item>
								<item>
					<title><![CDATA[microsoft-surface-laptop-studio-1]]></title>
					<link>http://dummy.xtemos.com/woodmart2/mega-electronics-elementor/?attachment_id=8662</link>
					<pubDate>Wed, 25 Jan 2023 12:07:06 +0000</pubDate>
					<dc:creator><![CDATA[zakhar]]></dc:creator>
					<guid isPermaLink="false">http://dummy.xtemos.com/woodmart2/mega-electronics-elementor/wp-content/uploads/sites/8/2022/12/microsoft-surface-laptop-studio-1.jpg</guid>
															<wp:post_id>8662</wp:post_id>
					<wp:post_date><![CDATA[2023-01-25 12:07:06]]></wp:post_date>
					<wp:post_date_gmt><![CDATA[2023-01-25 12:07:06]]></wp:post_date_gmt>
					<wp:post_modified><![CDATA[2023-01-25 12:07:06]]></wp:post_modified>
					<wp:post_modified_gmt><![CDATA[2023-01-25 12:07:06]]></wp:post_modified_gmt>
					<wp:comment_status><![CDATA[open]]></wp:comment_status>
					<wp:post_name><![CDATA[microsoft-surface-laptop-studio-1]]></wp:post_name>
					<wp:status><![CDATA[inherit]]></wp:status>
					<wp:post_parent>939</wp:post_parent>
					<wp:menu_order>0</wp:menu_order>
					<wp:post_type><![CDATA[attachment]]></wp:post_type>
											<wp:attachment_url><![CDATA[http://dummy.xtemos.com/woodmart2/mega-electronics-elementor/wp-content/uploads/sites/8/2022/12/microsoft-surface-laptop-studio-1.jpg]]></wp:attachment_url>
																					<wp:postmeta>
							<wp:meta_key><![CDATA[_wp_attached_file]]></wp:meta_key>
							<wp:meta_value><![CDATA[2022/12/microsoft-surface-laptop-studio-1.jpg]]></wp:meta_value>
						</wp:postmeta>
										</item>
								<item>
					<title><![CDATA[hp-victus-16-e0174nw-1]]></title>
					<link>http://dummy.xtemos.com/woodmart2/mega-electronics-elementor/?attachment_id=8666</link>
					<pubDate>Wed, 25 Jan 2023 12:08:09 +0000</pubDate>
					<dc:creator><![CDATA[zakhar]]></dc:creator>
					<guid isPermaLink="false">http://dummy.xtemos.com/woodmart2/mega-electronics-elementor/wp-content/uploads/sites/8/2022/12/hp-victus-16-e0174nw-1.jpg</guid>
															<wp:post_id>8666</wp:post_id>
					<wp:post_date><![CDATA[2023-01-25 12:08:09]]></wp:post_date>
					<wp:post_date_gmt><![CDATA[2023-01-25 12:08:09]]></wp:post_date_gmt>
					<wp:post_modified><![CDATA[2023-01-25 12:08:09]]></wp:post_modified>
					<wp:post_modified_gmt><![CDATA[2023-01-25 12:08:09]]></wp:post_modified_gmt>
					<wp:comment_status><![CDATA[open]]></wp:comment_status>
					<wp:post_name><![CDATA[hp-victus-16-e0174nw-1]]></wp:post_name>
					<wp:status><![CDATA[inherit]]></wp:status>
					<wp:post_parent>949</wp:post_parent>
					<wp:menu_order>0</wp:menu_order>
					<wp:post_type><![CDATA[attachment]]></wp:post_type>
											<wp:attachment_url><![CDATA[http://dummy.xtemos.com/woodmart2/mega-electronics-elementor/wp-content/uploads/sites/8/2022/12/hp-victus-16-e0174nw-1.jpg]]></wp:attachment_url>
																					<wp:postmeta>
							<wp:meta_key><![CDATA[_wp_attached_file]]></wp:meta_key>
							<wp:meta_value><![CDATA[2022/12/hp-victus-16-e0174nw-1.jpg]]></wp:meta_value>
						</wp:postmeta>
										</item>
								<item>
					<title><![CDATA[apple-ipad-mini-pink-1]]></title>
					<link>http://dummy.xtemos.com/woodmart2/mega-electronics-elementor/?attachment_id=8683</link>
					<pubDate>Wed, 25 Jan 2023 12:13:02 +0000</pubDate>
					<dc:creator><![CDATA[zakhar]]></dc:creator>
					<guid isPermaLink="false">http://dummy.xtemos.com/woodmart2/mega-electronics-elementor/wp-content/uploads/sites/8/2022/12/apple-ipad-mini-pink-1.jpg</guid>
															<wp:post_id>8683</wp:post_id>
					<wp:post_date><![CDATA[2023-01-25 12:13:02]]></wp:post_date>
					<wp:post_date_gmt><![CDATA[2023-01-25 12:13:02]]></wp:post_date_gmt>
					<wp:post_modified><![CDATA[2023-01-25 12:13:02]]></wp:post_modified>
					<wp:post_modified_gmt><![CDATA[2023-01-25 12:13:02]]></wp:post_modified_gmt>
					<wp:comment_status><![CDATA[open]]></wp:comment_status>
					<wp:post_name><![CDATA[apple-ipad-mini-pink-1]]></wp:post_name>
					<wp:status><![CDATA[inherit]]></wp:status>
					<wp:post_parent>977</wp:post_parent>
					<wp:menu_order>0</wp:menu_order>
					<wp:post_type><![CDATA[attachment]]></wp:post_type>
											<wp:attachment_url><![CDATA[http://dummy.xtemos.com/woodmart2/mega-electronics-elementor/wp-content/uploads/sites/8/2022/12/apple-ipad-mini-pink-1.jpg]]></wp:attachment_url>
																					<wp:postmeta>
							<wp:meta_key><![CDATA[_wp_attached_file]]></wp:meta_key>
							<wp:meta_value><![CDATA[2022/12/apple-ipad-mini-pink-1.jpg]]></wp:meta_value>
						</wp:postmeta>
										</item>
								<item>
					<title><![CDATA[aoc-cu34g2x-bk-1]]></title>
					<link>http://dummy.xtemos.com/woodmart2/mega-electronics-elementor/?attachment_id=8740</link>
					<pubDate>Wed, 25 Jan 2023 12:25:48 +0000</pubDate>
					<dc:creator><![CDATA[zakhar]]></dc:creator>
					<guid isPermaLink="false">http://dummy.xtemos.com/woodmart2/mega-electronics-elementor/wp-content/uploads/sites/8/2022/12/aoc-cu34g2x-bk-1.jpg</guid>
															<wp:post_id>8740</wp:post_id>
					<wp:post_date><![CDATA[2023-01-25 12:25:48]]></wp:post_date>
					<wp:post_date_gmt><![CDATA[2023-01-25 12:25:48]]></wp:post_date_gmt>
					<wp:post_modified><![CDATA[2023-01-25 12:25:48]]></wp:post_modified>
					<wp:post_modified_gmt><![CDATA[2023-01-25 12:25:48]]></wp:post_modified_gmt>
					<wp:comment_status><![CDATA[open]]></wp:comment_status>
					<wp:post_name><![CDATA[aoc-cu34g2x-bk-1]]></wp:post_name>
					<wp:status><![CDATA[inherit]]></wp:status>
					<wp:post_parent>1364</wp:post_parent>
					<wp:menu_order>0</wp:menu_order>
					<wp:post_type><![CDATA[attachment]]></wp:post_type>
											<wp:attachment_url><![CDATA[http://dummy.xtemos.com/woodmart2/mega-electronics-elementor/wp-content/uploads/sites/8/2022/12/aoc-cu34g2x-bk-1.jpg]]></wp:attachment_url>
																					<wp:postmeta>
							<wp:meta_key><![CDATA[_wp_attached_file]]></wp:meta_key>
							<wp:meta_value><![CDATA[2022/12/aoc-cu34g2x-bk-1.jpg]]></wp:meta_value>
						</wp:postmeta>
										</item>
								<item>
					<title><![CDATA[aoc-q24p2q-1]]></title>
					<link>http://dummy.xtemos.com/woodmart2/mega-electronics-elementor/?attachment_id=8744</link>
					<pubDate>Wed, 25 Jan 2023 12:26:34 +0000</pubDate>
					<dc:creator><![CDATA[zakhar]]></dc:creator>
					<guid isPermaLink="false">http://dummy.xtemos.com/woodmart2/mega-electronics-elementor/wp-content/uploads/sites/8/2022/12/aoc-q24p2q-1.jpg</guid>
															<wp:post_id>8744</wp:post_id>
					<wp:post_date><![CDATA[2023-01-25 12:26:34]]></wp:post_date>
					<wp:post_date_gmt><![CDATA[2023-01-25 12:26:34]]></wp:post_date_gmt>
					<wp:post_modified><![CDATA[2023-01-25 12:26:34]]></wp:post_modified>
					<wp:post_modified_gmt><![CDATA[2023-01-25 12:26:34]]></wp:post_modified_gmt>
					<wp:comment_status><![CDATA[open]]></wp:comment_status>
					<wp:post_name><![CDATA[aoc-q24p2q-1]]></wp:post_name>
					<wp:status><![CDATA[inherit]]></wp:status>
					<wp:post_parent>1369</wp:post_parent>
					<wp:menu_order>0</wp:menu_order>
					<wp:post_type><![CDATA[attachment]]></wp:post_type>
											<wp:attachment_url><![CDATA[http://dummy.xtemos.com/woodmart2/mega-electronics-elementor/wp-content/uploads/sites/8/2022/12/aoc-q24p2q-1.jpg]]></wp:attachment_url>
																					<wp:postmeta>
							<wp:meta_key><![CDATA[_wp_attached_file]]></wp:meta_key>
							<wp:meta_value><![CDATA[2022/12/aoc-q24p2q-1.jpg]]></wp:meta_value>
						</wp:postmeta>
										</item>
								<item>
					<title><![CDATA[canon-i-sensys-lbp722cdw-1]]></title>
					<link>http://dummy.xtemos.com/woodmart2/mega-electronics-elementor/?attachment_id=8765</link>
					<pubDate>Wed, 25 Jan 2023 12:30:08 +0000</pubDate>
					<dc:creator><![CDATA[zakhar]]></dc:creator>
					<guid isPermaLink="false">http://dummy.xtemos.com/woodmart2/mega-electronics-elementor/wp-content/uploads/sites/8/2022/12/canon-i-sensys-lbp722cdw-1.jpg</guid>
															<wp:post_id>8765</wp:post_id>
					<wp:post_date><![CDATA[2023-01-25 12:30:08]]></wp:post_date>
					<wp:post_date_gmt><![CDATA[2023-01-25 12:30:08]]></wp:post_date_gmt>
					<wp:post_modified><![CDATA[2023-01-25 12:30:08]]></wp:post_modified>
					<wp:post_modified_gmt><![CDATA[2023-01-25 12:30:08]]></wp:post_modified_gmt>
					<wp:comment_status><![CDATA[open]]></wp:comment_status>
					<wp:post_name><![CDATA[canon-i-sensys-lbp722cdw-1]]></wp:post_name>
					<wp:status><![CDATA[inherit]]></wp:status>
					<wp:post_parent>1397</wp:post_parent>
					<wp:menu_order>0</wp:menu_order>
					<wp:post_type><![CDATA[attachment]]></wp:post_type>
											<wp:attachment_url><![CDATA[http://dummy.xtemos.com/woodmart2/mega-electronics-elementor/wp-content/uploads/sites/8/2022/12/canon-i-sensys-lbp722cdw-1.jpg]]></wp:attachment_url>
																					<wp:postmeta>
							<wp:meta_key><![CDATA[_wp_attached_file]]></wp:meta_key>
							<wp:meta_value><![CDATA[2022/12/canon-i-sensys-lbp722cdw-1.jpg]]></wp:meta_value>
						</wp:postmeta>
										</item>
								<item>
					<title><![CDATA[amd-radeon-pro-w5500-1]]></title>
					<link>http://dummy.xtemos.com/woodmart2/mega-electronics-elementor/?attachment_id=8797</link>
					<pubDate>Wed, 25 Jan 2023 12:37:01 +0000</pubDate>
					<dc:creator><![CDATA[zakhar]]></dc:creator>
					<guid isPermaLink="false">http://dummy.xtemos.com/woodmart2/mega-electronics-elementor/wp-content/uploads/sites/8/2022/12/amd-radeon-pro-w5500-1.jpg</guid>
															<wp:post_id>8797</wp:post_id>
					<wp:post_date><![CDATA[2023-01-25 12:37:01]]></wp:post_date>
					<wp:post_date_gmt><![CDATA[2023-01-25 12:37:01]]></wp:post_date_gmt>
					<wp:post_modified><![CDATA[2023-01-25 12:37:01]]></wp:post_modified>
					<wp:post_modified_gmt><![CDATA[2023-01-25 12:37:01]]></wp:post_modified_gmt>
					<wp:comment_status><![CDATA[open]]></wp:comment_status>
					<wp:post_name><![CDATA[amd-radeon-pro-w5500-1]]></wp:post_name>
					<wp:status><![CDATA[inherit]]></wp:status>
					<wp:post_parent>1519</wp:post_parent>
					<wp:menu_order>0</wp:menu_order>
					<wp:post_type><![CDATA[attachment]]></wp:post_type>
											<wp:attachment_url><![CDATA[http://dummy.xtemos.com/woodmart2/mega-electronics-elementor/wp-content/uploads/sites/8/2022/12/amd-radeon-pro-w5500-1.jpg]]></wp:attachment_url>
																					<wp:postmeta>
							<wp:meta_key><![CDATA[_wp_attached_file]]></wp:meta_key>
							<wp:meta_value><![CDATA[2022/12/amd-radeon-pro-w5500-1.jpg]]></wp:meta_value>
						</wp:postmeta>
										</item>
								<item>
					<title><![CDATA[amd-ryzen-7-5800x-1]]></title>
					<link>http://dummy.xtemos.com/woodmart2/mega-electronics-elementor/?attachment_id=8809</link>
					<pubDate>Wed, 25 Jan 2023 12:39:07 +0000</pubDate>
					<dc:creator><![CDATA[zakhar]]></dc:creator>
					<guid isPermaLink="false">http://dummy.xtemos.com/woodmart2/mega-electronics-elementor/wp-content/uploads/sites/8/2022/12/amd-ryzen-7-5800x-1.jpg</guid>
															<wp:post_id>8809</wp:post_id>
					<wp:post_date><![CDATA[2023-01-25 12:39:07]]></wp:post_date>
					<wp:post_date_gmt><![CDATA[2023-01-25 12:39:07]]></wp:post_date_gmt>
					<wp:post_modified><![CDATA[2023-01-25 12:39:07]]></wp:post_modified>
					<wp:post_modified_gmt><![CDATA[2023-01-25 12:39:07]]></wp:post_modified_gmt>
					<wp:comment_status><![CDATA[open]]></wp:comment_status>
					<wp:post_name><![CDATA[amd-ryzen-7-5800x-1]]></wp:post_name>
					<wp:status><![CDATA[inherit]]></wp:status>
					<wp:post_parent>1534</wp:post_parent>
					<wp:menu_order>0</wp:menu_order>
					<wp:post_type><![CDATA[attachment]]></wp:post_type>
											<wp:attachment_url><![CDATA[http://dummy.xtemos.com/woodmart2/mega-electronics-elementor/wp-content/uploads/sites/8/2022/12/amd-ryzen-7-5800x-1.jpg]]></wp:attachment_url>
																					<wp:postmeta>
							<wp:meta_key><![CDATA[_wp_attached_file]]></wp:meta_key>
							<wp:meta_value><![CDATA[2022/12/amd-ryzen-7-5800x-1.jpg]]></wp:meta_value>
						</wp:postmeta>
										</item>
								<item>
					<title><![CDATA[macbook-pro]]></title>
					<link>http://dummy.xtemos.com/woodmart2/mega-electronics-elementor/?attachment_id=8867</link>
					<pubDate>Wed, 25 Jan 2023 12:52:51 +0000</pubDate>
					<dc:creator><![CDATA[zakhar]]></dc:creator>
					<guid isPermaLink="false">http://dummy.xtemos.com/woodmart2/mega-electronics-elementor/wp-content/uploads/sites/8/2022/12/macbook-pro.jpg</guid>
															<wp:post_id>8867</wp:post_id>
					<wp:post_date><![CDATA[2023-01-25 12:52:51]]></wp:post_date>
					<wp:post_date_gmt><![CDATA[2023-01-25 12:52:51]]></wp:post_date_gmt>
					<wp:post_modified><![CDATA[2023-01-25 12:52:51]]></wp:post_modified>
					<wp:post_modified_gmt><![CDATA[2023-01-25 12:52:51]]></wp:post_modified_gmt>
					<wp:comment_status><![CDATA[open]]></wp:comment_status>
					<wp:post_name><![CDATA[macbook-pro]]></wp:post_name>
					<wp:status><![CDATA[inherit]]></wp:status>
					<wp:post_parent>835</wp:post_parent>
					<wp:menu_order>0</wp:menu_order>
					<wp:post_type><![CDATA[attachment]]></wp:post_type>
											<wp:attachment_url><![CDATA[http://dummy.xtemos.com/woodmart2/mega-electronics-elementor/wp-content/uploads/sites/8/2022/12/macbook-pro.jpg]]></wp:attachment_url>
																					<wp:postmeta>
							<wp:meta_key><![CDATA[_wp_attached_file]]></wp:meta_key>
							<wp:meta_value><![CDATA[2022/12/macbook-pro.jpg]]></wp:meta_value>
						</wp:postmeta>
										</item>
								<item>
					<title><![CDATA[m1-pro]]></title>
					<link>http://dummy.xtemos.com/woodmart2/mega-electronics-elementor/?attachment_id=8868</link>
					<pubDate>Wed, 25 Jan 2023 12:53:07 +0000</pubDate>
					<dc:creator><![CDATA[zakhar]]></dc:creator>
					<guid isPermaLink="false">http://dummy.xtemos.com/woodmart2/mega-electronics-elementor/wp-content/uploads/sites/8/2022/12/m1-pro.jpg</guid>
															<wp:post_id>8868</wp:post_id>
					<wp:post_date><![CDATA[2023-01-25 12:53:07]]></wp:post_date>
					<wp:post_date_gmt><![CDATA[2023-01-25 12:53:07]]></wp:post_date_gmt>
					<wp:post_modified><![CDATA[2023-01-25 12:53:07]]></wp:post_modified>
					<wp:post_modified_gmt><![CDATA[2023-01-25 12:53:07]]></wp:post_modified_gmt>
					<wp:comment_status><![CDATA[open]]></wp:comment_status>
					<wp:post_name><![CDATA[m1-pro]]></wp:post_name>
					<wp:status><![CDATA[inherit]]></wp:status>
					<wp:post_parent>835</wp:post_parent>
					<wp:menu_order>0</wp:menu_order>
					<wp:post_type><![CDATA[attachment]]></wp:post_type>
											<wp:attachment_url><![CDATA[http://dummy.xtemos.com/woodmart2/mega-electronics-elementor/wp-content/uploads/sites/8/2022/12/m1-pro.jpg]]></wp:attachment_url>
																					<wp:postmeta>
							<wp:meta_key><![CDATA[_wp_attached_file]]></wp:meta_key>
							<wp:meta_value><![CDATA[2022/12/m1-pro.jpg]]></wp:meta_value>
						</wp:postmeta>
										</item>
								<item>
					<title><![CDATA[m1-max]]></title>
					<link>http://dummy.xtemos.com/woodmart2/mega-electronics-elementor/?attachment_id=8869</link>
					<pubDate>Wed, 25 Jan 2023 12:53:16 +0000</pubDate>
					<dc:creator><![CDATA[zakhar]]></dc:creator>
					<guid isPermaLink="false">http://dummy.xtemos.com/woodmart2/mega-electronics-elementor/wp-content/uploads/sites/8/2022/12/m1-max.jpg</guid>
															<wp:post_id>8869</wp:post_id>
					<wp:post_date><![CDATA[2023-01-25 12:53:16]]></wp:post_date>
					<wp:post_date_gmt><![CDATA[2023-01-25 12:53:16]]></wp:post_date_gmt>
					<wp:post_modified><![CDATA[2023-01-25 12:53:16]]></wp:post_modified>
					<wp:post_modified_gmt><![CDATA[2023-01-25 12:53:16]]></wp:post_modified_gmt>
					<wp:comment_status><![CDATA[open]]></wp:comment_status>
					<wp:post_name><![CDATA[m1-max]]></wp:post_name>
					<wp:status><![CDATA[inherit]]></wp:status>
					<wp:post_parent>835</wp:post_parent>
					<wp:menu_order>0</wp:menu_order>
					<wp:post_type><![CDATA[attachment]]></wp:post_type>
											<wp:attachment_url><![CDATA[http://dummy.xtemos.com/woodmart2/mega-electronics-elementor/wp-content/uploads/sites/8/2022/12/m1-max.jpg]]></wp:attachment_url>
																					<wp:postmeta>
							<wp:meta_key><![CDATA[_wp_attached_file]]></wp:meta_key>
							<wp:meta_value><![CDATA[2022/12/m1-max.jpg]]></wp:meta_value>
						</wp:postmeta>
										</item>
								<item>
					<title><![CDATA[Retina]]></title>
					<link>http://dummy.xtemos.com/woodmart2/mega-electronics-elementor/?attachment_id=8870</link>
					<pubDate>Wed, 25 Jan 2023 12:53:29 +0000</pubDate>
					<dc:creator><![CDATA[zakhar]]></dc:creator>
					<guid isPermaLink="false">http://dummy.xtemos.com/woodmart2/mega-electronics-elementor/wp-content/uploads/sites/8/2022/12/Retina.jpg</guid>
															<wp:post_id>8870</wp:post_id>
					<wp:post_date><![CDATA[2023-01-25 12:53:29]]></wp:post_date>
					<wp:post_date_gmt><![CDATA[2023-01-25 12:53:29]]></wp:post_date_gmt>
					<wp:post_modified><![CDATA[2023-01-25 12:53:29]]></wp:post_modified>
					<wp:post_modified_gmt><![CDATA[2023-01-25 12:53:29]]></wp:post_modified_gmt>
					<wp:comment_status><![CDATA[open]]></wp:comment_status>
					<wp:post_name><![CDATA[retina]]></wp:post_name>
					<wp:status><![CDATA[inherit]]></wp:status>
					<wp:post_parent>835</wp:post_parent>
					<wp:menu_order>0</wp:menu_order>
					<wp:post_type><![CDATA[attachment]]></wp:post_type>
											<wp:attachment_url><![CDATA[http://dummy.xtemos.com/woodmart2/mega-electronics-elementor/wp-content/uploads/sites/8/2022/12/Retina.jpg]]></wp:attachment_url>
																					<wp:postmeta>
							<wp:meta_key><![CDATA[_wp_attached_file]]></wp:meta_key>
							<wp:meta_value><![CDATA[2022/12/Retina.jpg]]></wp:meta_value>
						</wp:postmeta>
										</item>
								<item>
					<title><![CDATA[mac-os-1]]></title>
					<link>http://dummy.xtemos.com/woodmart2/mega-electronics-elementor/?attachment_id=8871</link>
					<pubDate>Wed, 25 Jan 2023 12:53:41 +0000</pubDate>
					<dc:creator><![CDATA[zakhar]]></dc:creator>
					<guid isPermaLink="false">http://dummy.xtemos.com/woodmart2/mega-electronics-elementor/wp-content/uploads/sites/8/2022/12/mac-os-1.jpg</guid>
															<wp:post_id>8871</wp:post_id>
					<wp:post_date><![CDATA[2023-01-25 12:53:41]]></wp:post_date>
					<wp:post_date_gmt><![CDATA[2023-01-25 12:53:41]]></wp:post_date_gmt>
					<wp:post_modified><![CDATA[2023-01-25 12:53:41]]></wp:post_modified>
					<wp:post_modified_gmt><![CDATA[2023-01-25 12:53:41]]></wp:post_modified_gmt>
					<wp:comment_status><![CDATA[open]]></wp:comment_status>
					<wp:post_name><![CDATA[mac-os-1]]></wp:post_name>
					<wp:status><![CDATA[inherit]]></wp:status>
					<wp:post_parent>835</wp:post_parent>
					<wp:menu_order>0</wp:menu_order>
					<wp:post_type><![CDATA[attachment]]></wp:post_type>
											<wp:attachment_url><![CDATA[http://dummy.xtemos.com/woodmart2/mega-electronics-elementor/wp-content/uploads/sites/8/2022/12/mac-os-1.jpg]]></wp:attachment_url>
																					<wp:postmeta>
							<wp:meta_key><![CDATA[_wp_attached_file]]></wp:meta_key>
							<wp:meta_value><![CDATA[2022/12/mac-os-1.jpg]]></wp:meta_value>
						</wp:postmeta>
										</item>
								<item>
					<title><![CDATA[mac-os-2]]></title>
					<link>http://dummy.xtemos.com/woodmart2/mega-electronics-elementor/?attachment_id=8872</link>
					<pubDate>Wed, 25 Jan 2023 12:53:58 +0000</pubDate>
					<dc:creator><![CDATA[zakhar]]></dc:creator>
					<guid isPermaLink="false">http://dummy.xtemos.com/woodmart2/mega-electronics-elementor/wp-content/uploads/sites/8/2022/12/mac-os-2.jpg</guid>
															<wp:post_id>8872</wp:post_id>
					<wp:post_date><![CDATA[2023-01-25 12:53:58]]></wp:post_date>
					<wp:post_date_gmt><![CDATA[2023-01-25 12:53:58]]></wp:post_date_gmt>
					<wp:post_modified><![CDATA[2023-01-25 12:53:58]]></wp:post_modified>
					<wp:post_modified_gmt><![CDATA[2023-01-25 12:53:58]]></wp:post_modified_gmt>
					<wp:comment_status><![CDATA[open]]></wp:comment_status>
					<wp:post_name><![CDATA[mac-os-2]]></wp:post_name>
					<wp:status><![CDATA[inherit]]></wp:status>
					<wp:post_parent>835</wp:post_parent>
					<wp:menu_order>0</wp:menu_order>
					<wp:post_type><![CDATA[attachment]]></wp:post_type>
											<wp:attachment_url><![CDATA[http://dummy.xtemos.com/woodmart2/mega-electronics-elementor/wp-content/uploads/sites/8/2022/12/mac-os-2.jpg]]></wp:attachment_url>
																					<wp:postmeta>
							<wp:meta_key><![CDATA[_wp_attached_file]]></wp:meta_key>
							<wp:meta_value><![CDATA[2022/12/mac-os-2.jpg]]></wp:meta_value>
						</wp:postmeta>
										</item>
								<item>
					<title><![CDATA[apple-magic-keyboard-with-touch-id-1]]></title>
					<link>http://dummy.xtemos.com/woodmart2/mega-electronics-elementor/?attachment_id=8777</link>
					<pubDate>Wed, 25 Jan 2023 12:33:24 +0000</pubDate>
					<dc:creator><![CDATA[zakhar]]></dc:creator>
					<guid isPermaLink="false">http://dummy.xtemos.com/woodmart2/mega-electronics-elementor/wp-content/uploads/sites/8/2022/12/apple-magic-keyboard-with-touch-id-1.jpg</guid>
															<wp:post_id>8777</wp:post_id>
					<wp:post_date><![CDATA[2023-01-25 12:33:24]]></wp:post_date>
					<wp:post_date_gmt><![CDATA[2023-01-25 12:33:24]]></wp:post_date_gmt>
					<wp:post_modified><![CDATA[2023-01-25 12:33:24]]></wp:post_modified>
					<wp:post_modified_gmt><![CDATA[2023-01-25 12:33:24]]></wp:post_modified_gmt>
					<wp:comment_status><![CDATA[open]]></wp:comment_status>
					<wp:post_name><![CDATA[apple-magic-keyboard-with-touch-id-1]]></wp:post_name>
					<wp:status><![CDATA[inherit]]></wp:status>
					<wp:post_parent>1413</wp:post_parent>
					<wp:menu_order>0</wp:menu_order>
					<wp:post_type><![CDATA[attachment]]></wp:post_type>
											<wp:attachment_url><![CDATA[http://dummy.xtemos.com/woodmart2/mega-electronics-elementor/wp-content/uploads/sites/8/2022/12/apple-magic-keyboard-with-touch-id-1.jpg]]></wp:attachment_url>
																					<wp:postmeta>
							<wp:meta_key><![CDATA[_wp_attached_file]]></wp:meta_key>
							<wp:meta_value><![CDATA[2022/12/apple-magic-keyboard-with-touch-id-1.jpg]]></wp:meta_value>
						</wp:postmeta>
										</item>
								<item>
					<title><![CDATA[bose-quietcomfort-45-1]]></title>
					<link>http://dummy.xtemos.com/woodmart2/mega-electronics-elementor/?attachment_id=8785</link>
					<pubDate>Wed, 25 Jan 2023 12:35:03 +0000</pubDate>
					<dc:creator><![CDATA[zakhar]]></dc:creator>
					<guid isPermaLink="false">http://dummy.xtemos.com/woodmart2/mega-electronics-elementor/wp-content/uploads/sites/8/2022/12/bose-quietcomfort-45-1.jpg</guid>
															<wp:post_id>8785</wp:post_id>
					<wp:post_date><![CDATA[2023-01-25 12:35:03]]></wp:post_date>
					<wp:post_date_gmt><![CDATA[2023-01-25 12:35:03]]></wp:post_date_gmt>
					<wp:post_modified><![CDATA[2023-01-25 12:35:03]]></wp:post_modified>
					<wp:post_modified_gmt><![CDATA[2023-01-25 12:35:03]]></wp:post_modified_gmt>
					<wp:comment_status><![CDATA[open]]></wp:comment_status>
					<wp:post_name><![CDATA[bose-quietcomfort-45-1]]></wp:post_name>
					<wp:status><![CDATA[inherit]]></wp:status>
					<wp:post_parent>1423</wp:post_parent>
					<wp:menu_order>0</wp:menu_order>
					<wp:post_type><![CDATA[attachment]]></wp:post_type>
											<wp:attachment_url><![CDATA[http://dummy.xtemos.com/woodmart2/mega-electronics-elementor/wp-content/uploads/sites/8/2022/12/bose-quietcomfort-45-1.jpg]]></wp:attachment_url>
																					<wp:postmeta>
							<wp:meta_key><![CDATA[_wp_attached_file]]></wp:meta_key>
							<wp:meta_value><![CDATA[2022/12/bose-quietcomfort-45-1.jpg]]></wp:meta_value>
						</wp:postmeta>
										</item>
								<item>
					<title><![CDATA[ailink-aluminium-connector-1]]></title>
					<link>http://dummy.xtemos.com/woodmart2/mega-electronics-elementor/?attachment_id=8836</link>
					<pubDate>Wed, 25 Jan 2023 12:43:14 +0000</pubDate>
					<dc:creator><![CDATA[zakhar]]></dc:creator>
					<guid isPermaLink="false">http://dummy.xtemos.com/woodmart2/mega-electronics-elementor/wp-content/uploads/sites/8/2022/12/ailink-aluminium-connector-1.jpg</guid>
															<wp:post_id>8836</wp:post_id>
					<wp:post_date><![CDATA[2023-01-25 12:43:14]]></wp:post_date>
					<wp:post_date_gmt><![CDATA[2023-01-25 12:43:14]]></wp:post_date_gmt>
					<wp:post_modified><![CDATA[2023-01-25 12:43:14]]></wp:post_modified>
					<wp:post_modified_gmt><![CDATA[2023-01-25 12:43:14]]></wp:post_modified_gmt>
					<wp:comment_status><![CDATA[open]]></wp:comment_status>
					<wp:post_name><![CDATA[ailink-aluminium-connector-1]]></wp:post_name>
					<wp:status><![CDATA[inherit]]></wp:status>
					<wp:post_parent>1567</wp:post_parent>
					<wp:menu_order>0</wp:menu_order>
					<wp:post_type><![CDATA[attachment]]></wp:post_type>
											<wp:attachment_url><![CDATA[http://dummy.xtemos.com/woodmart2/mega-electronics-elementor/wp-content/uploads/sites/8/2022/12/ailink-aluminium-connector-1.jpg]]></wp:attachment_url>
																					<wp:postmeta>
							<wp:meta_key><![CDATA[_wp_attached_file]]></wp:meta_key>
							<wp:meta_value><![CDATA[2022/12/ailink-aluminium-connector-1.jpg]]></wp:meta_value>
						</wp:postmeta>
										</item>
								<item>
					<title><![CDATA[Retina]]></title>
					<link>http://dummy.xtemos.com/woodmart2/mega-electronics-elementor/?attachment_id=8870</link>
					<pubDate>Wed, 25 Jan 2023 12:53:29 +0000</pubDate>
					<dc:creator><![CDATA[zakhar]]></dc:creator>
					<guid isPermaLink="false">http://dummy.xtemos.com/woodmart2/mega-electronics-elementor/wp-content/uploads/sites/8/2022/12/Retina.jpg</guid>
															<wp:post_id>8870</wp:post_id>
					<wp:post_date><![CDATA[2023-01-25 12:53:29]]></wp:post_date>
					<wp:post_date_gmt><![CDATA[2023-01-25 12:53:29]]></wp:post_date_gmt>
					<wp:post_modified><![CDATA[2023-01-25 12:53:29]]></wp:post_modified>
					<wp:post_modified_gmt><![CDATA[2023-01-25 12:53:29]]></wp:post_modified_gmt>
					<wp:comment_status><![CDATA[open]]></wp:comment_status>
					<wp:post_name><![CDATA[retina]]></wp:post_name>
					<wp:status><![CDATA[inherit]]></wp:status>
					<wp:post_parent>835</wp:post_parent>
					<wp:menu_order>0</wp:menu_order>
					<wp:post_type><![CDATA[attachment]]></wp:post_type>
											<wp:attachment_url><![CDATA[http://dummy.xtemos.com/woodmart2/mega-electronics-elementor/wp-content/uploads/sites/8/2022/12/Retina.jpg]]></wp:attachment_url>
																					<wp:postmeta>
							<wp:meta_key><![CDATA[_wp_attached_file]]></wp:meta_key>
							<wp:meta_value><![CDATA[2022/12/Retina.jpg]]></wp:meta_value>
						</wp:postmeta>
										</item>
								<item>
					<title><![CDATA[mac-os-1]]></title>
					<link>http://dummy.xtemos.com/woodmart2/mega-electronics-elementor/?attachment_id=8871</link>
					<pubDate>Wed, 25 Jan 2023 12:53:41 +0000</pubDate>
					<dc:creator><![CDATA[zakhar]]></dc:creator>
					<guid isPermaLink="false">http://dummy.xtemos.com/woodmart2/mega-electronics-elementor/wp-content/uploads/sites/8/2022/12/mac-os-1.jpg</guid>
															<wp:post_id>8871</wp:post_id>
					<wp:post_date><![CDATA[2023-01-25 12:53:41]]></wp:post_date>
					<wp:post_date_gmt><![CDATA[2023-01-25 12:53:41]]></wp:post_date_gmt>
					<wp:post_modified><![CDATA[2023-01-25 12:53:41]]></wp:post_modified>
					<wp:post_modified_gmt><![CDATA[2023-01-25 12:53:41]]></wp:post_modified_gmt>
					<wp:comment_status><![CDATA[open]]></wp:comment_status>
					<wp:post_name><![CDATA[mac-os-1]]></wp:post_name>
					<wp:status><![CDATA[inherit]]></wp:status>
					<wp:post_parent>835</wp:post_parent>
					<wp:menu_order>0</wp:menu_order>
					<wp:post_type><![CDATA[attachment]]></wp:post_type>
											<wp:attachment_url><![CDATA[http://dummy.xtemos.com/woodmart2/mega-electronics-elementor/wp-content/uploads/sites/8/2022/12/mac-os-1.jpg]]></wp:attachment_url>
																					<wp:postmeta>
							<wp:meta_key><![CDATA[_wp_attached_file]]></wp:meta_key>
							<wp:meta_value><![CDATA[2022/12/mac-os-1.jpg]]></wp:meta_value>
						</wp:postmeta>
										</item>
								<item>
					<title><![CDATA[mac-os-2]]></title>
					<link>http://dummy.xtemos.com/woodmart2/mega-electronics-elementor/?attachment_id=8872</link>
					<pubDate>Wed, 25 Jan 2023 12:53:58 +0000</pubDate>
					<dc:creator><![CDATA[zakhar]]></dc:creator>
					<guid isPermaLink="false">http://dummy.xtemos.com/woodmart2/mega-electronics-elementor/wp-content/uploads/sites/8/2022/12/mac-os-2.jpg</guid>
															<wp:post_id>8872</wp:post_id>
					<wp:post_date><![CDATA[2023-01-25 12:53:58]]></wp:post_date>
					<wp:post_date_gmt><![CDATA[2023-01-25 12:53:58]]></wp:post_date_gmt>
					<wp:post_modified><![CDATA[2023-01-25 12:53:58]]></wp:post_modified>
					<wp:post_modified_gmt><![CDATA[2023-01-25 12:53:58]]></wp:post_modified_gmt>
					<wp:comment_status><![CDATA[open]]></wp:comment_status>
					<wp:post_name><![CDATA[mac-os-2]]></wp:post_name>
					<wp:status><![CDATA[inherit]]></wp:status>
					<wp:post_parent>835</wp:post_parent>
					<wp:menu_order>0</wp:menu_order>
					<wp:post_type><![CDATA[attachment]]></wp:post_type>
											<wp:attachment_url><![CDATA[http://dummy.xtemos.com/woodmart2/mega-electronics-elementor/wp-content/uploads/sites/8/2022/12/mac-os-2.jpg]]></wp:attachment_url>
																					<wp:postmeta>
							<wp:meta_key><![CDATA[_wp_attached_file]]></wp:meta_key>
							<wp:meta_value><![CDATA[2022/12/mac-os-2.jpg]]></wp:meta_value>
						</wp:postmeta>
										</item>
				</channel>
</rss>
	