<?xml version="1.0" encoding="UTF-8" ?>
	<!-- This is a WordPress eXtended RSS file generated by WordPress as an export of your site. -->
	<!-- It contains information about your site's posts, pages, comments, categories, and other content. -->
	<!-- You may use this file to transfer that content from one site to another. -->
	<!-- This file is not intended to serve as a complete backup of your site. -->

	<!-- To import this information into a WordPress site follow these steps: -->
	<!-- 1. Log in to that site as an administrator. -->
	<!-- 2. Go to Tools: Import in the WordPress admin panel. -->
	<!-- 3. Install the "WordPress" importer from the list. -->
	<!-- 4. Activate & Run Importer. -->
	<!-- 5. Upload this file using the form provided on that page. -->
	<!-- 6. You will first be asked to map the authors in this export file to users -->
	<!--    on the site. For each author, you may choose to map to an -->
	<!--    existing user on the site or to create a new user. -->
	<!-- 7. WordPress will then import each of the posts, pages, comments, categories, etc. -->
	<!--    contained in this file into your site. -->

	<!-- generator="WordPress/6.0.3" created="2023-02-03 13:50" -->
<rss version="2.0"
	xmlns:excerpt="http://wordpress.org/export/1.2/excerpt/"
	xmlns:content="http://purl.org/rss/1.0/modules/content/"
	xmlns:wfw="http://wellformedweb.org/CommentAPI/"
	xmlns:dc="http://purl.org/dc/elements/1.1/"
	xmlns:wp="http://wordpress.org/export/1.2/"
>

<channel>
	<title>Mega electronics</title>
	<link>http://dummy.xtemos.com/woodmart2/mega-electronics</link>
	<description>Multipurpose WooCommerce Electronics Theme</description>
	<pubDate>Fri, 03 Feb 2023 13:50:46 +0000</pubDate>
	<language>en-US</language>
	<wp:wxr_version>1.2</wp:wxr_version>
	<wp:base_site_url>http://dummy.xtemos.com/woodmart2/</wp:base_site_url>
	<wp:base_blog_url>http://dummy.xtemos.com/woodmart2/mega-electronics</wp:base_blog_url>

		<wp:author><wp:author_id>2</wp:author_id><wp:author_login><![CDATA[zakhar]]></wp:author_login><wp:author_email><![CDATA[zak@asda.as]]></wp:author_email><wp:author_display_name><![CDATA[Mr. Mackay]]></wp:author_display_name><wp:author_first_name><![CDATA[sds]]></wp:author_first_name><wp:author_last_name><![CDATA[scssc]]></wp:author_last_name></wp:author>

					<wp:term>
			<wp:term_id>0</wp:term_id>
			<wp:term_taxonomy><![CDATA[]]></wp:term_taxonomy>
			<wp:term_slug><![CDATA[]]></wp:term_slug>
			<wp:term_parent><![CDATA[]]></wp:term_parent>
					</wp:term>
		
	<generator>https://wordpress.org/?v=6.0.3</generator>

					<item>
					<title><![CDATA[asus-tuf-gaming-1]]></title>
					<link>http://dummy.xtemos.com/woodmart2/mega-electronics/?attachment_id=432</link>
					<pubDate>Tue, 20 Dec 2022 13:53:46 +0000</pubDate>
					<dc:creator><![CDATA[zakhar]]></dc:creator>
					<guid isPermaLink="false">http://dummy.xtemos.com/woodmart2/mega-electronics/wp-content/uploads/sites/7/2022/12/asus-tuf-gaming-1.jpg</guid>
															<wp:post_id>432</wp:post_id>
					<wp:post_date><![CDATA[2022-12-20 13:53:46]]></wp:post_date>
					<wp:post_date_gmt><![CDATA[2022-12-20 13:53:46]]></wp:post_date_gmt>
					<wp:post_modified><![CDATA[2022-12-20 13:53:46]]></wp:post_modified>
					<wp:post_modified_gmt><![CDATA[2022-12-20 13:53:46]]></wp:post_modified_gmt>
					<wp:comment_status><![CDATA[open]]></wp:comment_status>
					<wp:post_name><![CDATA[asus-tuf-gaming-1]]></wp:post_name>
					<wp:status><![CDATA[inherit]]></wp:status>
					<wp:post_parent>427</wp:post_parent>
					<wp:menu_order>0</wp:menu_order>
					<wp:post_type><![CDATA[attachment]]></wp:post_type>
											<wp:attachment_url><![CDATA[http://dummy.xtemos.com/woodmart2/mega-electronics/wp-content/uploads/sites/7/2022/12/asus-tuf-gaming-1.jpg]]></wp:attachment_url>
																					<wp:postmeta>
							<wp:meta_key><![CDATA[_wp_attached_file]]></wp:meta_key>
							<wp:meta_value><![CDATA[2022/12/asus-tuf-gaming-1.jpg]]></wp:meta_value>
						</wp:postmeta>
										</item>
								<item>
					<title><![CDATA[acer-prodesigner-pe320qk-1]]></title>
					<link>http://dummy.xtemos.com/woodmart2/mega-electronics/?attachment_id=538</link>
					<pubDate>Wed, 21 Dec 2022 12:01:19 +0000</pubDate>
					<dc:creator><![CDATA[zakhar]]></dc:creator>
					<guid isPermaLink="false">http://dummy.xtemos.com/woodmart2/mega-electronics/wp-content/uploads/sites/7/2022/12/acer-prodesigner-pe320qk-1.jpg</guid>
															<wp:post_id>538</wp:post_id>
					<wp:post_date><![CDATA[2022-12-21 12:01:19]]></wp:post_date>
					<wp:post_date_gmt><![CDATA[2022-12-21 12:01:19]]></wp:post_date_gmt>
					<wp:post_modified><![CDATA[2022-12-21 12:01:19]]></wp:post_modified>
					<wp:post_modified_gmt><![CDATA[2022-12-21 12:01:19]]></wp:post_modified_gmt>
					<wp:comment_status><![CDATA[open]]></wp:comment_status>
					<wp:post_name><![CDATA[acer-prodesigner-pe320qk-1]]></wp:post_name>
					<wp:status><![CDATA[inherit]]></wp:status>
					<wp:post_parent>537</wp:post_parent>
					<wp:menu_order>0</wp:menu_order>
					<wp:post_type><![CDATA[attachment]]></wp:post_type>
											<wp:attachment_url><![CDATA[http://dummy.xtemos.com/woodmart2/mega-electronics/wp-content/uploads/sites/7/2022/12/acer-prodesigner-pe320qk-1.jpg]]></wp:attachment_url>
																					<wp:postmeta>
							<wp:meta_key><![CDATA[_wp_attached_file]]></wp:meta_key>
							<wp:meta_value><![CDATA[2022/12/acer-prodesigner-pe320qk-1.jpg]]></wp:meta_value>
						</wp:postmeta>
										</item>
								<item>
					<title><![CDATA[canon-i-sensys-lbp722cdw-1]]></title>
					<link>http://dummy.xtemos.com/woodmart2/mega-electronics/?attachment_id=581</link>
					<pubDate>Wed, 21 Dec 2022 12:32:22 +0000</pubDate>
					<dc:creator><![CDATA[zakhar]]></dc:creator>
					<guid isPermaLink="false">http://dummy.xtemos.com/woodmart2/mega-electronics/wp-content/uploads/sites/7/2022/12/canon-i-sensys-lbp722cdw-1.jpg</guid>
															<wp:post_id>581</wp:post_id>
					<wp:post_date><![CDATA[2022-12-21 12:32:22]]></wp:post_date>
					<wp:post_date_gmt><![CDATA[2022-12-21 12:32:22]]></wp:post_date_gmt>
					<wp:post_modified><![CDATA[2022-12-21 12:32:22]]></wp:post_modified>
					<wp:post_modified_gmt><![CDATA[2022-12-21 12:32:22]]></wp:post_modified_gmt>
					<wp:comment_status><![CDATA[open]]></wp:comment_status>
					<wp:post_name><![CDATA[canon-i-sensys-lbp722cdw-1]]></wp:post_name>
					<wp:status><![CDATA[inherit]]></wp:status>
					<wp:post_parent>580</wp:post_parent>
					<wp:menu_order>0</wp:menu_order>
					<wp:post_type><![CDATA[attachment]]></wp:post_type>
											<wp:attachment_url><![CDATA[http://dummy.xtemos.com/woodmart2/mega-electronics/wp-content/uploads/sites/7/2022/12/canon-i-sensys-lbp722cdw-1.jpg]]></wp:attachment_url>
																					<wp:postmeta>
							<wp:meta_key><![CDATA[_wp_attached_file]]></wp:meta_key>
							<wp:meta_value><![CDATA[2022/12/canon-i-sensys-lbp722cdw-1.jpg]]></wp:meta_value>
						</wp:postmeta>
										</item>
								<item>
					<title><![CDATA[acer-sa100-sataiii-1]]></title>
					<link>http://dummy.xtemos.com/woodmart2/mega-electronics/?attachment_id=612</link>
					<pubDate>Wed, 21 Dec 2022 13:01:14 +0000</pubDate>
					<dc:creator><![CDATA[zakhar]]></dc:creator>
					<guid isPermaLink="false">http://dummy.xtemos.com/woodmart2/mega-electronics/wp-content/uploads/sites/7/2022/12/acer-sa100-sataiii-1.jpg</guid>
															<wp:post_id>612</wp:post_id>
					<wp:post_date><![CDATA[2022-12-21 13:01:14]]></wp:post_date>
					<wp:post_date_gmt><![CDATA[2022-12-21 13:01:14]]></wp:post_date_gmt>
					<wp:post_modified><![CDATA[2022-12-21 13:01:14]]></wp:post_modified>
					<wp:post_modified_gmt><![CDATA[2022-12-21 13:01:14]]></wp:post_modified_gmt>
					<wp:comment_status><![CDATA[open]]></wp:comment_status>
					<wp:post_name><![CDATA[acer-sa100-sataiii-1]]></wp:post_name>
					<wp:status><![CDATA[inherit]]></wp:status>
					<wp:post_parent>611</wp:post_parent>
					<wp:menu_order>0</wp:menu_order>
					<wp:post_type><![CDATA[attachment]]></wp:post_type>
											<wp:attachment_url><![CDATA[http://dummy.xtemos.com/woodmart2/mega-electronics/wp-content/uploads/sites/7/2022/12/acer-sa100-sataiii-1.jpg]]></wp:attachment_url>
																					<wp:postmeta>
							<wp:meta_key><![CDATA[_wp_attached_file]]></wp:meta_key>
							<wp:meta_value><![CDATA[2022/12/acer-sa100-sataiii-1.jpg]]></wp:meta_value>
						</wp:postmeta>
										</item>
								<item>
					<title><![CDATA[amd-radeon-pro-w5500-1]]></title>
					<link>http://dummy.xtemos.com/woodmart2/mega-electronics/?attachment_id=616</link>
					<pubDate>Wed, 21 Dec 2022 13:05:31 +0000</pubDate>
					<dc:creator><![CDATA[zakhar]]></dc:creator>
					<guid isPermaLink="false">http://dummy.xtemos.com/woodmart2/mega-electronics/wp-content/uploads/sites/7/2022/12/amd-radeon-pro-w5500-1.jpg</guid>
															<wp:post_id>616</wp:post_id>
					<wp:post_date><![CDATA[2022-12-21 13:05:31]]></wp:post_date>
					<wp:post_date_gmt><![CDATA[2022-12-21 13:05:31]]></wp:post_date_gmt>
					<wp:post_modified><![CDATA[2022-12-21 13:05:31]]></wp:post_modified>
					<wp:post_modified_gmt><![CDATA[2022-12-21 13:05:31]]></wp:post_modified_gmt>
					<wp:comment_status><![CDATA[open]]></wp:comment_status>
					<wp:post_name><![CDATA[amd-radeon-pro-w5500-1]]></wp:post_name>
					<wp:status><![CDATA[inherit]]></wp:status>
					<wp:post_parent>615</wp:post_parent>
					<wp:menu_order>0</wp:menu_order>
					<wp:post_type><![CDATA[attachment]]></wp:post_type>
											<wp:attachment_url><![CDATA[http://dummy.xtemos.com/woodmart2/mega-electronics/wp-content/uploads/sites/7/2022/12/amd-radeon-pro-w5500-1.jpg]]></wp:attachment_url>
																					<wp:postmeta>
							<wp:meta_key><![CDATA[_wp_attached_file]]></wp:meta_key>
							<wp:meta_value><![CDATA[2022/12/amd-radeon-pro-w5500-1.jpg]]></wp:meta_value>
						</wp:postmeta>
										</item>
								<item>
					<title><![CDATA[amd-ryzen-5-5600x-1]]></title>
					<link>http://dummy.xtemos.com/woodmart2/mega-electronics/?attachment_id=629</link>
					<pubDate>Wed, 21 Dec 2022 13:18:57 +0000</pubDate>
					<dc:creator><![CDATA[zakhar]]></dc:creator>
					<guid isPermaLink="false">http://dummy.xtemos.com/woodmart2/mega-electronics/wp-content/uploads/sites/7/2022/12/amd-ryzen-5-5600x-1.jpg</guid>
															<wp:post_id>629</wp:post_id>
					<wp:post_date><![CDATA[2022-12-21 13:18:57]]></wp:post_date>
					<wp:post_date_gmt><![CDATA[2022-12-21 13:18:57]]></wp:post_date_gmt>
					<wp:post_modified><![CDATA[2022-12-21 13:18:57]]></wp:post_modified>
					<wp:post_modified_gmt><![CDATA[2022-12-21 13:18:57]]></wp:post_modified_gmt>
					<wp:comment_status><![CDATA[open]]></wp:comment_status>
					<wp:post_name><![CDATA[amd-ryzen-5-5600x-1]]></wp:post_name>
					<wp:status><![CDATA[inherit]]></wp:status>
					<wp:post_parent>628</wp:post_parent>
					<wp:menu_order>0</wp:menu_order>
					<wp:post_type><![CDATA[attachment]]></wp:post_type>
											<wp:attachment_url><![CDATA[http://dummy.xtemos.com/woodmart2/mega-electronics/wp-content/uploads/sites/7/2022/12/amd-ryzen-5-5600x-1.jpg]]></wp:attachment_url>
																					<wp:postmeta>
							<wp:meta_key><![CDATA[_wp_attached_file]]></wp:meta_key>
							<wp:meta_value><![CDATA[2022/12/amd-ryzen-5-5600x-1.jpg]]></wp:meta_value>
						</wp:postmeta>
										</item>
								<item>
					<title><![CDATA[ailink-aluminium-connector-1]]></title>
					<link>http://dummy.xtemos.com/woodmart2/mega-electronics/?attachment_id=662</link>
					<pubDate>Wed, 21 Dec 2022 13:33:58 +0000</pubDate>
					<dc:creator><![CDATA[zakhar]]></dc:creator>
					<guid isPermaLink="false">http://dummy.xtemos.com/woodmart2/mega-electronics/wp-content/uploads/sites/7/2022/12/ailink-aluminium-connector-1.jpg</guid>
															<wp:post_id>662</wp:post_id>
					<wp:post_date><![CDATA[2022-12-21 13:33:58]]></wp:post_date>
					<wp:post_date_gmt><![CDATA[2022-12-21 13:33:58]]></wp:post_date_gmt>
					<wp:post_modified><![CDATA[2022-12-21 13:33:58]]></wp:post_modified>
					<wp:post_modified_gmt><![CDATA[2022-12-21 13:33:58]]></wp:post_modified_gmt>
					<wp:comment_status><![CDATA[open]]></wp:comment_status>
					<wp:post_name><![CDATA[ailink-aluminium-connector-1]]></wp:post_name>
					<wp:status><![CDATA[inherit]]></wp:status>
					<wp:post_parent>661</wp:post_parent>
					<wp:menu_order>0</wp:menu_order>
					<wp:post_type><![CDATA[attachment]]></wp:post_type>
											<wp:attachment_url><![CDATA[http://dummy.xtemos.com/woodmart2/mega-electronics/wp-content/uploads/sites/7/2022/12/ailink-aluminium-connector-1.jpg]]></wp:attachment_url>
																					<wp:postmeta>
							<wp:meta_key><![CDATA[_wp_attached_file]]></wp:meta_key>
							<wp:meta_value><![CDATA[2022/12/ailink-aluminium-connector-1.jpg]]></wp:meta_value>
						</wp:postmeta>
										</item>
								<item>
					<title><![CDATA[logitech-g735-1]]></title>
					<link>http://dummy.xtemos.com/woodmart2/mega-electronics/?attachment_id=958</link>
					<pubDate>Thu, 26 Jan 2023 12:26:35 +0000</pubDate>
					<dc:creator><![CDATA[zakhar]]></dc:creator>
					<guid isPermaLink="false">http://dummy.xtemos.com/woodmart2/mega-electronics/wp-content/uploads/sites/7/2022/12/logitech-g735-1-1.jpg</guid>
															<wp:post_id>958</wp:post_id>
					<wp:post_date><![CDATA[2023-01-26 12:26:35]]></wp:post_date>
					<wp:post_date_gmt><![CDATA[2023-01-26 12:26:35]]></wp:post_date_gmt>
					<wp:post_modified><![CDATA[2023-01-26 12:26:35]]></wp:post_modified>
					<wp:post_modified_gmt><![CDATA[2023-01-26 12:26:35]]></wp:post_modified_gmt>
					<wp:comment_status><![CDATA[open]]></wp:comment_status>
					<wp:post_name><![CDATA[logitech-g735-1-2]]></wp:post_name>
					<wp:status><![CDATA[inherit]]></wp:status>
					<wp:post_parent>604</wp:post_parent>
					<wp:menu_order>0</wp:menu_order>
					<wp:post_type><![CDATA[attachment]]></wp:post_type>
											<wp:attachment_url><![CDATA[http://dummy.xtemos.com/woodmart2/mega-electronics/wp-content/uploads/sites/7/2022/12/logitech-g735-1-1.jpg]]></wp:attachment_url>
																					<wp:postmeta>
							<wp:meta_key><![CDATA[_wp_attached_file]]></wp:meta_key>
							<wp:meta_value><![CDATA[2022/12/logitech-g735-1-1.jpg]]></wp:meta_value>
						</wp:postmeta>
										</item>
								<item>
					<title><![CDATA[logitech-g735-icon-1]]></title>
					<link>http://dummy.xtemos.com/woodmart2/mega-electronics/?attachment_id=959</link>
					<pubDate>Thu, 26 Jan 2023 12:26:51 +0000</pubDate>
					<dc:creator><![CDATA[zakhar]]></dc:creator>
					<guid isPermaLink="false">http://dummy.xtemos.com/woodmart2/mega-electronics/wp-content/uploads/sites/7/2022/12/logitech-g735-icon-1-1.svg</guid>
															<wp:post_id>959</wp:post_id>
					<wp:post_date><![CDATA[2023-01-26 12:26:51]]></wp:post_date>
					<wp:post_date_gmt><![CDATA[2023-01-26 12:26:51]]></wp:post_date_gmt>
					<wp:post_modified><![CDATA[2023-01-26 12:26:51]]></wp:post_modified>
					<wp:post_modified_gmt><![CDATA[2023-01-26 12:26:51]]></wp:post_modified_gmt>
					<wp:comment_status><![CDATA[open]]></wp:comment_status>
					<wp:post_name><![CDATA[logitech-g735-icon-1-2]]></wp:post_name>
					<wp:status><![CDATA[inherit]]></wp:status>
					<wp:post_parent>604</wp:post_parent>
					<wp:menu_order>0</wp:menu_order>
					<wp:post_type><![CDATA[attachment]]></wp:post_type>
											<wp:attachment_url><![CDATA[http://dummy.xtemos.com/woodmart2/mega-electronics/wp-content/uploads/sites/7/2022/12/logitech-g735-icon-1-1.svg]]></wp:attachment_url>
																					<wp:postmeta>
							<wp:meta_key><![CDATA[_wp_attached_file]]></wp:meta_key>
							<wp:meta_value><![CDATA[2022/12/logitech-g735-icon-1-1.svg]]></wp:meta_value>
						</wp:postmeta>
										</item>
								<item>
					<title><![CDATA[logitech-g735-icon-2]]></title>
					<link>http://dummy.xtemos.com/woodmart2/mega-electronics/?attachment_id=960</link>
					<pubDate>Thu, 26 Jan 2023 12:26:51 +0000</pubDate>
					<dc:creator><![CDATA[zakhar]]></dc:creator>
					<guid isPermaLink="false">http://dummy.xtemos.com/woodmart2/mega-electronics/wp-content/uploads/sites/7/2022/12/logitech-g735-icon-2-1.svg</guid>
															<wp:post_id>960</wp:post_id>
					<wp:post_date><![CDATA[2023-01-26 12:26:51]]></wp:post_date>
					<wp:post_date_gmt><![CDATA[2023-01-26 12:26:51]]></wp:post_date_gmt>
					<wp:post_modified><![CDATA[2023-01-26 12:26:51]]></wp:post_modified>
					<wp:post_modified_gmt><![CDATA[2023-01-26 12:26:51]]></wp:post_modified_gmt>
					<wp:comment_status><![CDATA[open]]></wp:comment_status>
					<wp:post_name><![CDATA[logitech-g735-icon-2-2]]></wp:post_name>
					<wp:status><![CDATA[inherit]]></wp:status>
					<wp:post_parent>604</wp:post_parent>
					<wp:menu_order>0</wp:menu_order>
					<wp:post_type><![CDATA[attachment]]></wp:post_type>
											<wp:attachment_url><![CDATA[http://dummy.xtemos.com/woodmart2/mega-electronics/wp-content/uploads/sites/7/2022/12/logitech-g735-icon-2-1.svg]]></wp:attachment_url>
																					<wp:postmeta>
							<wp:meta_key><![CDATA[_wp_attached_file]]></wp:meta_key>
							<wp:meta_value><![CDATA[2022/12/logitech-g735-icon-2-1.svg]]></wp:meta_value>
						</wp:postmeta>
										</item>
								<item>
					<title><![CDATA[logitech-g735-icon-3]]></title>
					<link>http://dummy.xtemos.com/woodmart2/mega-electronics/?attachment_id=961</link>
					<pubDate>Thu, 26 Jan 2023 12:26:51 +0000</pubDate>
					<dc:creator><![CDATA[zakhar]]></dc:creator>
					<guid isPermaLink="false">http://dummy.xtemos.com/woodmart2/mega-electronics/wp-content/uploads/sites/7/2022/12/logitech-g735-icon-3-1.svg</guid>
															<wp:post_id>961</wp:post_id>
					<wp:post_date><![CDATA[2023-01-26 12:26:51]]></wp:post_date>
					<wp:post_date_gmt><![CDATA[2023-01-26 12:26:51]]></wp:post_date_gmt>
					<wp:post_modified><![CDATA[2023-01-26 12:26:51]]></wp:post_modified>
					<wp:post_modified_gmt><![CDATA[2023-01-26 12:26:51]]></wp:post_modified_gmt>
					<wp:comment_status><![CDATA[open]]></wp:comment_status>
					<wp:post_name><![CDATA[logitech-g735-icon-3-2]]></wp:post_name>
					<wp:status><![CDATA[inherit]]></wp:status>
					<wp:post_parent>604</wp:post_parent>
					<wp:menu_order>0</wp:menu_order>
					<wp:post_type><![CDATA[attachment]]></wp:post_type>
											<wp:attachment_url><![CDATA[http://dummy.xtemos.com/woodmart2/mega-electronics/wp-content/uploads/sites/7/2022/12/logitech-g735-icon-3-1.svg]]></wp:attachment_url>
																					<wp:postmeta>
							<wp:meta_key><![CDATA[_wp_attached_file]]></wp:meta_key>
							<wp:meta_value><![CDATA[2022/12/logitech-g735-icon-3-1.svg]]></wp:meta_value>
						</wp:postmeta>
										</item>
								<item>
					<title><![CDATA[logitech-g735-2]]></title>
					<link>http://dummy.xtemos.com/woodmart2/mega-electronics/?attachment_id=962</link>
					<pubDate>Thu, 26 Jan 2023 12:27:20 +0000</pubDate>
					<dc:creator><![CDATA[zakhar]]></dc:creator>
					<guid isPermaLink="false">http://dummy.xtemos.com/woodmart2/mega-electronics/wp-content/uploads/sites/7/2022/12/logitech-g735-2-1.jpg</guid>
															<wp:post_id>962</wp:post_id>
					<wp:post_date><![CDATA[2023-01-26 12:27:20]]></wp:post_date>
					<wp:post_date_gmt><![CDATA[2023-01-26 12:27:20]]></wp:post_date_gmt>
					<wp:post_modified><![CDATA[2023-01-26 12:27:20]]></wp:post_modified>
					<wp:post_modified_gmt><![CDATA[2023-01-26 12:27:20]]></wp:post_modified_gmt>
					<wp:comment_status><![CDATA[open]]></wp:comment_status>
					<wp:post_name><![CDATA[logitech-g735-2-2]]></wp:post_name>
					<wp:status><![CDATA[inherit]]></wp:status>
					<wp:post_parent>604</wp:post_parent>
					<wp:menu_order>0</wp:menu_order>
					<wp:post_type><![CDATA[attachment]]></wp:post_type>
											<wp:attachment_url><![CDATA[http://dummy.xtemos.com/woodmart2/mega-electronics/wp-content/uploads/sites/7/2022/12/logitech-g735-2-1.jpg]]></wp:attachment_url>
																					<wp:postmeta>
							<wp:meta_key><![CDATA[_wp_attached_file]]></wp:meta_key>
							<wp:meta_value><![CDATA[2022/12/logitech-g735-2-1.jpg]]></wp:meta_value>
						</wp:postmeta>
										</item>
								<item>
					<title><![CDATA[rtx-4090-icon-1]]></title>
					<link>http://dummy.xtemos.com/woodmart2/mega-electronics/?attachment_id=969</link>
					<pubDate>Thu, 26 Jan 2023 12:31:58 +0000</pubDate>
					<dc:creator><![CDATA[zakhar]]></dc:creator>
					<guid isPermaLink="false">http://dummy.xtemos.com/woodmart2/mega-electronics/wp-content/uploads/sites/7/2022/12/rtx-4090-icon-1-1.svg</guid>
															<wp:post_id>969</wp:post_id>
					<wp:post_date><![CDATA[2023-01-26 12:31:58]]></wp:post_date>
					<wp:post_date_gmt><![CDATA[2023-01-26 12:31:58]]></wp:post_date_gmt>
					<wp:post_modified><![CDATA[2023-01-26 12:31:58]]></wp:post_modified>
					<wp:post_modified_gmt><![CDATA[2023-01-26 12:31:58]]></wp:post_modified_gmt>
					<wp:comment_status><![CDATA[open]]></wp:comment_status>
					<wp:post_name><![CDATA[rtx-4090-icon-1-2]]></wp:post_name>
					<wp:status><![CDATA[inherit]]></wp:status>
					<wp:post_parent>677</wp:post_parent>
					<wp:menu_order>0</wp:menu_order>
					<wp:post_type><![CDATA[attachment]]></wp:post_type>
											<wp:attachment_url><![CDATA[http://dummy.xtemos.com/woodmart2/mega-electronics/wp-content/uploads/sites/7/2022/12/rtx-4090-icon-1-1.svg]]></wp:attachment_url>
																					<wp:postmeta>
							<wp:meta_key><![CDATA[_wp_attached_file]]></wp:meta_key>
							<wp:meta_value><![CDATA[2022/12/rtx-4090-icon-1-1.svg]]></wp:meta_value>
						</wp:postmeta>
										</item>
								<item>
					<title><![CDATA[rtx-4090-icon-2]]></title>
					<link>http://dummy.xtemos.com/woodmart2/mega-electronics/?attachment_id=970</link>
					<pubDate>Thu, 26 Jan 2023 12:31:59 +0000</pubDate>
					<dc:creator><![CDATA[zakhar]]></dc:creator>
					<guid isPermaLink="false">http://dummy.xtemos.com/woodmart2/mega-electronics/wp-content/uploads/sites/7/2022/12/rtx-4090-icon-2-1.svg</guid>
															<wp:post_id>970</wp:post_id>
					<wp:post_date><![CDATA[2023-01-26 12:31:59]]></wp:post_date>
					<wp:post_date_gmt><![CDATA[2023-01-26 12:31:59]]></wp:post_date_gmt>
					<wp:post_modified><![CDATA[2023-01-26 12:31:59]]></wp:post_modified>
					<wp:post_modified_gmt><![CDATA[2023-01-26 12:31:59]]></wp:post_modified_gmt>
					<wp:comment_status><![CDATA[open]]></wp:comment_status>
					<wp:post_name><![CDATA[rtx-4090-icon-2-2]]></wp:post_name>
					<wp:status><![CDATA[inherit]]></wp:status>
					<wp:post_parent>677</wp:post_parent>
					<wp:menu_order>0</wp:menu_order>
					<wp:post_type><![CDATA[attachment]]></wp:post_type>
											<wp:attachment_url><![CDATA[http://dummy.xtemos.com/woodmart2/mega-electronics/wp-content/uploads/sites/7/2022/12/rtx-4090-icon-2-1.svg]]></wp:attachment_url>
																					<wp:postmeta>
							<wp:meta_key><![CDATA[_wp_attached_file]]></wp:meta_key>
							<wp:meta_value><![CDATA[2022/12/rtx-4090-icon-2-1.svg]]></wp:meta_value>
						</wp:postmeta>
										</item>
								<item>
					<title><![CDATA[rtx-4090-icon-3]]></title>
					<link>http://dummy.xtemos.com/woodmart2/mega-electronics/?attachment_id=971</link>
					<pubDate>Thu, 26 Jan 2023 12:31:59 +0000</pubDate>
					<dc:creator><![CDATA[zakhar]]></dc:creator>
					<guid isPermaLink="false">http://dummy.xtemos.com/woodmart2/mega-electronics/wp-content/uploads/sites/7/2022/12/rtx-4090-icon-3-1.svg</guid>
															<wp:post_id>971</wp:post_id>
					<wp:post_date><![CDATA[2023-01-26 12:31:59]]></wp:post_date>
					<wp:post_date_gmt><![CDATA[2023-01-26 12:31:59]]></wp:post_date_gmt>
					<wp:post_modified><![CDATA[2023-01-26 12:31:59]]></wp:post_modified>
					<wp:post_modified_gmt><![CDATA[2023-01-26 12:31:59]]></wp:post_modified_gmt>
					<wp:comment_status><![CDATA[open]]></wp:comment_status>
					<wp:post_name><![CDATA[rtx-4090-icon-3-2]]></wp:post_name>
					<wp:status><![CDATA[inherit]]></wp:status>
					<wp:post_parent>677</wp:post_parent>
					<wp:menu_order>0</wp:menu_order>
					<wp:post_type><![CDATA[attachment]]></wp:post_type>
											<wp:attachment_url><![CDATA[http://dummy.xtemos.com/woodmart2/mega-electronics/wp-content/uploads/sites/7/2022/12/rtx-4090-icon-3-1.svg]]></wp:attachment_url>
																					<wp:postmeta>
							<wp:meta_key><![CDATA[_wp_attached_file]]></wp:meta_key>
							<wp:meta_value><![CDATA[2022/12/rtx-4090-icon-3-1.svg]]></wp:meta_value>
						</wp:postmeta>
										</item>
								<item>
					<title><![CDATA[apple-macbook-pro-16-silver-1]]></title>
					<link>http://dummy.xtemos.com/woodmart2/mega-electronics/?attachment_id=387</link>
					<pubDate>Tue, 20 Dec 2022 12:11:17 +0000</pubDate>
					<dc:creator><![CDATA[zakhar]]></dc:creator>
					<guid isPermaLink="false">http://dummy.xtemos.com/woodmart2/mega-electronics/wp-content/uploads/sites/7/2022/12/apple-macbook-pro-16-silver-1.jpg</guid>
															<wp:post_id>387</wp:post_id>
					<wp:post_date><![CDATA[2022-12-20 12:11:17]]></wp:post_date>
					<wp:post_date_gmt><![CDATA[2022-12-20 12:11:17]]></wp:post_date_gmt>
					<wp:post_modified><![CDATA[2022-12-20 12:11:17]]></wp:post_modified>
					<wp:post_modified_gmt><![CDATA[2022-12-20 12:11:17]]></wp:post_modified_gmt>
					<wp:comment_status><![CDATA[open]]></wp:comment_status>
					<wp:post_name><![CDATA[apple-macbook-pro-16-silver-1]]></wp:post_name>
					<wp:status><![CDATA[inherit]]></wp:status>
					<wp:post_parent>386</wp:post_parent>
					<wp:menu_order>0</wp:menu_order>
					<wp:post_type><![CDATA[attachment]]></wp:post_type>
											<wp:attachment_url><![CDATA[http://dummy.xtemos.com/woodmart2/mega-electronics/wp-content/uploads/sites/7/2022/12/apple-macbook-pro-16-silver-1.jpg]]></wp:attachment_url>
																					<wp:postmeta>
							<wp:meta_key><![CDATA[_wp_attached_file]]></wp:meta_key>
							<wp:meta_value><![CDATA[2022/12/apple-macbook-pro-16-silver-1.jpg]]></wp:meta_value>
						</wp:postmeta>
										</item>
								<item>
					<title><![CDATA[asus-tuf-gaming-1]]></title>
					<link>http://dummy.xtemos.com/woodmart2/mega-electronics/?attachment_id=432</link>
					<pubDate>Tue, 20 Dec 2022 13:53:46 +0000</pubDate>
					<dc:creator><![CDATA[zakhar]]></dc:creator>
					<guid isPermaLink="false">http://dummy.xtemos.com/woodmart2/mega-electronics/wp-content/uploads/sites/7/2022/12/asus-tuf-gaming-1.jpg</guid>
															<wp:post_id>432</wp:post_id>
					<wp:post_date><![CDATA[2022-12-20 13:53:46]]></wp:post_date>
					<wp:post_date_gmt><![CDATA[2022-12-20 13:53:46]]></wp:post_date_gmt>
					<wp:post_modified><![CDATA[2022-12-20 13:53:46]]></wp:post_modified>
					<wp:post_modified_gmt><![CDATA[2022-12-20 13:53:46]]></wp:post_modified_gmt>
					<wp:comment_status><![CDATA[open]]></wp:comment_status>
					<wp:post_name><![CDATA[asus-tuf-gaming-1]]></wp:post_name>
					<wp:status><![CDATA[inherit]]></wp:status>
					<wp:post_parent>427</wp:post_parent>
					<wp:menu_order>0</wp:menu_order>
					<wp:post_type><![CDATA[attachment]]></wp:post_type>
											<wp:attachment_url><![CDATA[http://dummy.xtemos.com/woodmart2/mega-electronics/wp-content/uploads/sites/7/2022/12/asus-tuf-gaming-1.jpg]]></wp:attachment_url>
																					<wp:postmeta>
							<wp:meta_key><![CDATA[_wp_attached_file]]></wp:meta_key>
							<wp:meta_value><![CDATA[2022/12/asus-tuf-gaming-1.jpg]]></wp:meta_value>
						</wp:postmeta>
										</item>
								<item>
					<title><![CDATA[apple-ipad-mini-pink-1]]></title>
					<link>http://dummy.xtemos.com/woodmart2/mega-electronics/?attachment_id=467</link>
					<pubDate>Tue, 20 Dec 2022 14:30:47 +0000</pubDate>
					<dc:creator><![CDATA[zakhar]]></dc:creator>
					<guid isPermaLink="false">http://dummy.xtemos.com/woodmart2/mega-electronics/wp-content/uploads/sites/7/2022/12/apple-ipad-mini-pink-1.jpg</guid>
															<wp:post_id>467</wp:post_id>
					<wp:post_date><![CDATA[2022-12-20 14:30:47]]></wp:post_date>
					<wp:post_date_gmt><![CDATA[2022-12-20 14:30:47]]></wp:post_date_gmt>
					<wp:post_modified><![CDATA[2022-12-20 14:30:47]]></wp:post_modified>
					<wp:post_modified_gmt><![CDATA[2022-12-20 14:30:47]]></wp:post_modified_gmt>
					<wp:comment_status><![CDATA[open]]></wp:comment_status>
					<wp:post_name><![CDATA[apple-ipad-mini-pink-1]]></wp:post_name>
					<wp:status><![CDATA[inherit]]></wp:status>
					<wp:post_parent>462</wp:post_parent>
					<wp:menu_order>0</wp:menu_order>
					<wp:post_type><![CDATA[attachment]]></wp:post_type>
											<wp:attachment_url><![CDATA[http://dummy.xtemos.com/woodmart2/mega-electronics/wp-content/uploads/sites/7/2022/12/apple-ipad-mini-pink-1.jpg]]></wp:attachment_url>
																					<wp:postmeta>
							<wp:meta_key><![CDATA[_wp_attached_file]]></wp:meta_key>
							<wp:meta_value><![CDATA[2022/12/apple-ipad-mini-pink-1.jpg]]></wp:meta_value>
						</wp:postmeta>
										</item>
								<item>
					<title><![CDATA[acer-prodesigner-pe320qk-1]]></title>
					<link>http://dummy.xtemos.com/woodmart2/mega-electronics/?attachment_id=538</link>
					<pubDate>Wed, 21 Dec 2022 12:01:19 +0000</pubDate>
					<dc:creator><![CDATA[zakhar]]></dc:creator>
					<guid isPermaLink="false">http://dummy.xtemos.com/woodmart2/mega-electronics/wp-content/uploads/sites/7/2022/12/acer-prodesigner-pe320qk-1.jpg</guid>
															<wp:post_id>538</wp:post_id>
					<wp:post_date><![CDATA[2022-12-21 12:01:19]]></wp:post_date>
					<wp:post_date_gmt><![CDATA[2022-12-21 12:01:19]]></wp:post_date_gmt>
					<wp:post_modified><![CDATA[2022-12-21 12:01:19]]></wp:post_modified>
					<wp:post_modified_gmt><![CDATA[2022-12-21 12:01:19]]></wp:post_modified_gmt>
					<wp:comment_status><![CDATA[open]]></wp:comment_status>
					<wp:post_name><![CDATA[acer-prodesigner-pe320qk-1]]></wp:post_name>
					<wp:status><![CDATA[inherit]]></wp:status>
					<wp:post_parent>537</wp:post_parent>
					<wp:menu_order>0</wp:menu_order>
					<wp:post_type><![CDATA[attachment]]></wp:post_type>
											<wp:attachment_url><![CDATA[http://dummy.xtemos.com/woodmart2/mega-electronics/wp-content/uploads/sites/7/2022/12/acer-prodesigner-pe320qk-1.jpg]]></wp:attachment_url>
																					<wp:postmeta>
							<wp:meta_key><![CDATA[_wp_attached_file]]></wp:meta_key>
							<wp:meta_value><![CDATA[2022/12/acer-prodesigner-pe320qk-1.jpg]]></wp:meta_value>
						</wp:postmeta>
										</item>
								<item>
					<title><![CDATA[aoc-cu34g2x-bk-1]]></title>
					<link>http://dummy.xtemos.com/woodmart2/mega-electronics/?attachment_id=557</link>
					<pubDate>Wed, 21 Dec 2022 12:15:02 +0000</pubDate>
					<dc:creator><![CDATA[zakhar]]></dc:creator>
					<guid isPermaLink="false">http://dummy.xtemos.com/woodmart2/mega-electronics/wp-content/uploads/sites/7/2022/12/aoc-cu34g2x-bk-1.jpg</guid>
															<wp:post_id>557</wp:post_id>
					<wp:post_date><![CDATA[2022-12-21 12:15:02]]></wp:post_date>
					<wp:post_date_gmt><![CDATA[2022-12-21 12:15:02]]></wp:post_date_gmt>
					<wp:post_modified><![CDATA[2022-12-21 12:15:02]]></wp:post_modified>
					<wp:post_modified_gmt><![CDATA[2022-12-21 12:15:02]]></wp:post_modified_gmt>
					<wp:comment_status><![CDATA[open]]></wp:comment_status>
					<wp:post_name><![CDATA[aoc-cu34g2x-bk-1]]></wp:post_name>
					<wp:status><![CDATA[inherit]]></wp:status>
					<wp:post_parent>556</wp:post_parent>
					<wp:menu_order>0</wp:menu_order>
					<wp:post_type><![CDATA[attachment]]></wp:post_type>
											<wp:attachment_url><![CDATA[http://dummy.xtemos.com/woodmart2/mega-electronics/wp-content/uploads/sites/7/2022/12/aoc-cu34g2x-bk-1.jpg]]></wp:attachment_url>
																					<wp:postmeta>
							<wp:meta_key><![CDATA[_wp_attached_file]]></wp:meta_key>
							<wp:meta_value><![CDATA[2022/12/aoc-cu34g2x-bk-1.jpg]]></wp:meta_value>
						</wp:postmeta>
										</item>
								<item>
					<title><![CDATA[alogic-ultra-mini-usb-1]]></title>
					<link>http://dummy.xtemos.com/woodmart2/mega-electronics/?attachment_id=589</link>
					<pubDate>Wed, 21 Dec 2022 12:36:18 +0000</pubDate>
					<dc:creator><![CDATA[zakhar]]></dc:creator>
					<guid isPermaLink="false">http://dummy.xtemos.com/woodmart2/mega-electronics/wp-content/uploads/sites/7/2022/12/alogic-ultra-mini-usb-1.jpg</guid>
															<wp:post_id>589</wp:post_id>
					<wp:post_date><![CDATA[2022-12-21 12:36:18]]></wp:post_date>
					<wp:post_date_gmt><![CDATA[2022-12-21 12:36:18]]></wp:post_date_gmt>
					<wp:post_modified><![CDATA[2022-12-21 12:36:18]]></wp:post_modified>
					<wp:post_modified_gmt><![CDATA[2022-12-21 12:36:18]]></wp:post_modified_gmt>
					<wp:comment_status><![CDATA[open]]></wp:comment_status>
					<wp:post_name><![CDATA[alogic-ultra-mini-usb-1]]></wp:post_name>
					<wp:status><![CDATA[inherit]]></wp:status>
					<wp:post_parent>588</wp:post_parent>
					<wp:menu_order>0</wp:menu_order>
					<wp:post_type><![CDATA[attachment]]></wp:post_type>
											<wp:attachment_url><![CDATA[http://dummy.xtemos.com/woodmart2/mega-electronics/wp-content/uploads/sites/7/2022/12/alogic-ultra-mini-usb-1.jpg]]></wp:attachment_url>
																					<wp:postmeta>
							<wp:meta_key><![CDATA[_wp_attached_file]]></wp:meta_key>
							<wp:meta_value><![CDATA[2022/12/alogic-ultra-mini-usb-1.jpg]]></wp:meta_value>
						</wp:postmeta>
										</item>
								<item>
					<title><![CDATA[acer-sa100-sataiii-1]]></title>
					<link>http://dummy.xtemos.com/woodmart2/mega-electronics/?attachment_id=612</link>
					<pubDate>Wed, 21 Dec 2022 13:01:14 +0000</pubDate>
					<dc:creator><![CDATA[zakhar]]></dc:creator>
					<guid isPermaLink="false">http://dummy.xtemos.com/woodmart2/mega-electronics/wp-content/uploads/sites/7/2022/12/acer-sa100-sataiii-1.jpg</guid>
															<wp:post_id>612</wp:post_id>
					<wp:post_date><![CDATA[2022-12-21 13:01:14]]></wp:post_date>
					<wp:post_date_gmt><![CDATA[2022-12-21 13:01:14]]></wp:post_date_gmt>
					<wp:post_modified><![CDATA[2022-12-21 13:01:14]]></wp:post_modified>
					<wp:post_modified_gmt><![CDATA[2022-12-21 13:01:14]]></wp:post_modified_gmt>
					<wp:comment_status><![CDATA[open]]></wp:comment_status>
					<wp:post_name><![CDATA[acer-sa100-sataiii-1]]></wp:post_name>
					<wp:status><![CDATA[inherit]]></wp:status>
					<wp:post_parent>611</wp:post_parent>
					<wp:menu_order>0</wp:menu_order>
					<wp:post_type><![CDATA[attachment]]></wp:post_type>
											<wp:attachment_url><![CDATA[http://dummy.xtemos.com/woodmart2/mega-electronics/wp-content/uploads/sites/7/2022/12/acer-sa100-sataiii-1.jpg]]></wp:attachment_url>
																					<wp:postmeta>
							<wp:meta_key><![CDATA[_wp_attached_file]]></wp:meta_key>
							<wp:meta_value><![CDATA[2022/12/acer-sa100-sataiii-1.jpg]]></wp:meta_value>
						</wp:postmeta>
										</item>
								<item>
					<title><![CDATA[amd-ryzen-5-5600x-1]]></title>
					<link>http://dummy.xtemos.com/woodmart2/mega-electronics/?attachment_id=629</link>
					<pubDate>Wed, 21 Dec 2022 13:18:57 +0000</pubDate>
					<dc:creator><![CDATA[zakhar]]></dc:creator>
					<guid isPermaLink="false">http://dummy.xtemos.com/woodmart2/mega-electronics/wp-content/uploads/sites/7/2022/12/amd-ryzen-5-5600x-1.jpg</guid>
															<wp:post_id>629</wp:post_id>
					<wp:post_date><![CDATA[2022-12-21 13:18:57]]></wp:post_date>
					<wp:post_date_gmt><![CDATA[2022-12-21 13:18:57]]></wp:post_date_gmt>
					<wp:post_modified><![CDATA[2022-12-21 13:18:57]]></wp:post_modified>
					<wp:post_modified_gmt><![CDATA[2022-12-21 13:18:57]]></wp:post_modified_gmt>
					<wp:comment_status><![CDATA[open]]></wp:comment_status>
					<wp:post_name><![CDATA[amd-ryzen-5-5600x-1]]></wp:post_name>
					<wp:status><![CDATA[inherit]]></wp:status>
					<wp:post_parent>628</wp:post_parent>
					<wp:menu_order>0</wp:menu_order>
					<wp:post_type><![CDATA[attachment]]></wp:post_type>
											<wp:attachment_url><![CDATA[http://dummy.xtemos.com/woodmart2/mega-electronics/wp-content/uploads/sites/7/2022/12/amd-ryzen-5-5600x-1.jpg]]></wp:attachment_url>
																					<wp:postmeta>
							<wp:meta_key><![CDATA[_wp_attached_file]]></wp:meta_key>
							<wp:meta_value><![CDATA[2022/12/amd-ryzen-5-5600x-1.jpg]]></wp:meta_value>
						</wp:postmeta>
										</item>
								<item>
					<title><![CDATA[logitech-g735-icon-1]]></title>
					<link>http://dummy.xtemos.com/woodmart2/mega-electronics/?attachment_id=959</link>
					<pubDate>Thu, 26 Jan 2023 12:26:51 +0000</pubDate>
					<dc:creator><![CDATA[zakhar]]></dc:creator>
					<guid isPermaLink="false">http://dummy.xtemos.com/woodmart2/mega-electronics/wp-content/uploads/sites/7/2022/12/logitech-g735-icon-1-1.svg</guid>
															<wp:post_id>959</wp:post_id>
					<wp:post_date><![CDATA[2023-01-26 12:26:51]]></wp:post_date>
					<wp:post_date_gmt><![CDATA[2023-01-26 12:26:51]]></wp:post_date_gmt>
					<wp:post_modified><![CDATA[2023-01-26 12:26:51]]></wp:post_modified>
					<wp:post_modified_gmt><![CDATA[2023-01-26 12:26:51]]></wp:post_modified_gmt>
					<wp:comment_status><![CDATA[open]]></wp:comment_status>
					<wp:post_name><![CDATA[logitech-g735-icon-1-2]]></wp:post_name>
					<wp:status><![CDATA[inherit]]></wp:status>
					<wp:post_parent>604</wp:post_parent>
					<wp:menu_order>0</wp:menu_order>
					<wp:post_type><![CDATA[attachment]]></wp:post_type>
											<wp:attachment_url><![CDATA[http://dummy.xtemos.com/woodmart2/mega-electronics/wp-content/uploads/sites/7/2022/12/logitech-g735-icon-1-1.svg]]></wp:attachment_url>
																					<wp:postmeta>
							<wp:meta_key><![CDATA[_wp_attached_file]]></wp:meta_key>
							<wp:meta_value><![CDATA[2022/12/logitech-g735-icon-1-1.svg]]></wp:meta_value>
						</wp:postmeta>
										</item>
								<item>
					<title><![CDATA[logitech-g735-icon-2]]></title>
					<link>http://dummy.xtemos.com/woodmart2/mega-electronics/?attachment_id=960</link>
					<pubDate>Thu, 26 Jan 2023 12:26:51 +0000</pubDate>
					<dc:creator><![CDATA[zakhar]]></dc:creator>
					<guid isPermaLink="false">http://dummy.xtemos.com/woodmart2/mega-electronics/wp-content/uploads/sites/7/2022/12/logitech-g735-icon-2-1.svg</guid>
															<wp:post_id>960</wp:post_id>
					<wp:post_date><![CDATA[2023-01-26 12:26:51]]></wp:post_date>
					<wp:post_date_gmt><![CDATA[2023-01-26 12:26:51]]></wp:post_date_gmt>
					<wp:post_modified><![CDATA[2023-01-26 12:26:51]]></wp:post_modified>
					<wp:post_modified_gmt><![CDATA[2023-01-26 12:26:51]]></wp:post_modified_gmt>
					<wp:comment_status><![CDATA[open]]></wp:comment_status>
					<wp:post_name><![CDATA[logitech-g735-icon-2-2]]></wp:post_name>
					<wp:status><![CDATA[inherit]]></wp:status>
					<wp:post_parent>604</wp:post_parent>
					<wp:menu_order>0</wp:menu_order>
					<wp:post_type><![CDATA[attachment]]></wp:post_type>
											<wp:attachment_url><![CDATA[http://dummy.xtemos.com/woodmart2/mega-electronics/wp-content/uploads/sites/7/2022/12/logitech-g735-icon-2-1.svg]]></wp:attachment_url>
																					<wp:postmeta>
							<wp:meta_key><![CDATA[_wp_attached_file]]></wp:meta_key>
							<wp:meta_value><![CDATA[2022/12/logitech-g735-icon-2-1.svg]]></wp:meta_value>
						</wp:postmeta>
										</item>
								<item>
					<title><![CDATA[logitech-g735-icon-3]]></title>
					<link>http://dummy.xtemos.com/woodmart2/mega-electronics/?attachment_id=961</link>
					<pubDate>Thu, 26 Jan 2023 12:26:51 +0000</pubDate>
					<dc:creator><![CDATA[zakhar]]></dc:creator>
					<guid isPermaLink="false">http://dummy.xtemos.com/woodmart2/mega-electronics/wp-content/uploads/sites/7/2022/12/logitech-g735-icon-3-1.svg</guid>
															<wp:post_id>961</wp:post_id>
					<wp:post_date><![CDATA[2023-01-26 12:26:51]]></wp:post_date>
					<wp:post_date_gmt><![CDATA[2023-01-26 12:26:51]]></wp:post_date_gmt>
					<wp:post_modified><![CDATA[2023-01-26 12:26:51]]></wp:post_modified>
					<wp:post_modified_gmt><![CDATA[2023-01-26 12:26:51]]></wp:post_modified_gmt>
					<wp:comment_status><![CDATA[open]]></wp:comment_status>
					<wp:post_name><![CDATA[logitech-g735-icon-3-2]]></wp:post_name>
					<wp:status><![CDATA[inherit]]></wp:status>
					<wp:post_parent>604</wp:post_parent>
					<wp:menu_order>0</wp:menu_order>
					<wp:post_type><![CDATA[attachment]]></wp:post_type>
											<wp:attachment_url><![CDATA[http://dummy.xtemos.com/woodmart2/mega-electronics/wp-content/uploads/sites/7/2022/12/logitech-g735-icon-3-1.svg]]></wp:attachment_url>
																					<wp:postmeta>
							<wp:meta_key><![CDATA[_wp_attached_file]]></wp:meta_key>
							<wp:meta_value><![CDATA[2022/12/logitech-g735-icon-3-1.svg]]></wp:meta_value>
						</wp:postmeta>
										</item>
								<item>
					<title><![CDATA[logitech-g735-ear-mic-gallery-1-white]]></title>
					<link>http://dummy.xtemos.com/woodmart2/mega-electronics/?attachment_id=963</link>
					<pubDate>Thu, 26 Jan 2023 12:27:34 +0000</pubDate>
					<dc:creator><![CDATA[zakhar]]></dc:creator>
					<guid isPermaLink="false">http://dummy.xtemos.com/woodmart2/mega-electronics/wp-content/uploads/sites/7/2022/12/logitech-g735-ear-mic-gallery-1-white-1.jpg</guid>
															<wp:post_id>963</wp:post_id>
					<wp:post_date><![CDATA[2023-01-26 12:27:34]]></wp:post_date>
					<wp:post_date_gmt><![CDATA[2023-01-26 12:27:34]]></wp:post_date_gmt>
					<wp:post_modified><![CDATA[2023-01-26 12:27:34]]></wp:post_modified>
					<wp:post_modified_gmt><![CDATA[2023-01-26 12:27:34]]></wp:post_modified_gmt>
					<wp:comment_status><![CDATA[open]]></wp:comment_status>
					<wp:post_name><![CDATA[logitech-g735-ear-mic-gallery-1-white-2]]></wp:post_name>
					<wp:status><![CDATA[inherit]]></wp:status>
					<wp:post_parent>604</wp:post_parent>
					<wp:menu_order>0</wp:menu_order>
					<wp:post_type><![CDATA[attachment]]></wp:post_type>
											<wp:attachment_url><![CDATA[http://dummy.xtemos.com/woodmart2/mega-electronics/wp-content/uploads/sites/7/2022/12/logitech-g735-ear-mic-gallery-1-white-1.jpg]]></wp:attachment_url>
																					<wp:postmeta>
							<wp:meta_key><![CDATA[_wp_attached_file]]></wp:meta_key>
							<wp:meta_value><![CDATA[2022/12/logitech-g735-ear-mic-gallery-1-white-1.jpg]]></wp:meta_value>
						</wp:postmeta>
										</item>
								<item>
					<title><![CDATA[logitech-g735-ear-mic-gallery-1-pink]]></title>
					<link>http://dummy.xtemos.com/woodmart2/mega-electronics/?attachment_id=964</link>
					<pubDate>Thu, 26 Jan 2023 12:27:34 +0000</pubDate>
					<dc:creator><![CDATA[zakhar]]></dc:creator>
					<guid isPermaLink="false">http://dummy.xtemos.com/woodmart2/mega-electronics/wp-content/uploads/sites/7/2022/12/logitech-g735-ear-mic-gallery-1-pink-1.jpg</guid>
															<wp:post_id>964</wp:post_id>
					<wp:post_date><![CDATA[2023-01-26 12:27:34]]></wp:post_date>
					<wp:post_date_gmt><![CDATA[2023-01-26 12:27:34]]></wp:post_date_gmt>
					<wp:post_modified><![CDATA[2023-01-26 12:27:34]]></wp:post_modified>
					<wp:post_modified_gmt><![CDATA[2023-01-26 12:27:34]]></wp:post_modified_gmt>
					<wp:comment_status><![CDATA[open]]></wp:comment_status>
					<wp:post_name><![CDATA[logitech-g735-ear-mic-gallery-1-pink-2]]></wp:post_name>
					<wp:status><![CDATA[inherit]]></wp:status>
					<wp:post_parent>604</wp:post_parent>
					<wp:menu_order>0</wp:menu_order>
					<wp:post_type><![CDATA[attachment]]></wp:post_type>
											<wp:attachment_url><![CDATA[http://dummy.xtemos.com/woodmart2/mega-electronics/wp-content/uploads/sites/7/2022/12/logitech-g735-ear-mic-gallery-1-pink-1.jpg]]></wp:attachment_url>
																					<wp:postmeta>
							<wp:meta_key><![CDATA[_wp_attached_file]]></wp:meta_key>
							<wp:meta_value><![CDATA[2022/12/logitech-g735-ear-mic-gallery-1-pink-1.jpg]]></wp:meta_value>
						</wp:postmeta>
										</item>
								<item>
					<title><![CDATA[logitech-g735-ear-mic-gallery-1-green]]></title>
					<link>http://dummy.xtemos.com/woodmart2/mega-electronics/?attachment_id=965</link>
					<pubDate>Thu, 26 Jan 2023 12:27:34 +0000</pubDate>
					<dc:creator><![CDATA[zakhar]]></dc:creator>
					<guid isPermaLink="false">http://dummy.xtemos.com/woodmart2/mega-electronics/wp-content/uploads/sites/7/2022/12/logitech-g735-ear-mic-gallery-1-green-1.jpg</guid>
															<wp:post_id>965</wp:post_id>
					<wp:post_date><![CDATA[2023-01-26 12:27:34]]></wp:post_date>
					<wp:post_date_gmt><![CDATA[2023-01-26 12:27:34]]></wp:post_date_gmt>
					<wp:post_modified><![CDATA[2023-01-26 12:27:34]]></wp:post_modified>
					<wp:post_modified_gmt><![CDATA[2023-01-26 12:27:34]]></wp:post_modified_gmt>
					<wp:comment_status><![CDATA[open]]></wp:comment_status>
					<wp:post_name><![CDATA[logitech-g735-ear-mic-gallery-1-green-2]]></wp:post_name>
					<wp:status><![CDATA[inherit]]></wp:status>
					<wp:post_parent>604</wp:post_parent>
					<wp:menu_order>0</wp:menu_order>
					<wp:post_type><![CDATA[attachment]]></wp:post_type>
											<wp:attachment_url><![CDATA[http://dummy.xtemos.com/woodmart2/mega-electronics/wp-content/uploads/sites/7/2022/12/logitech-g735-ear-mic-gallery-1-green-1.jpg]]></wp:attachment_url>
																					<wp:postmeta>
							<wp:meta_key><![CDATA[_wp_attached_file]]></wp:meta_key>
							<wp:meta_value><![CDATA[2022/12/logitech-g735-ear-mic-gallery-1-green-1.jpg]]></wp:meta_value>
						</wp:postmeta>
										</item>
								<item>
					<title><![CDATA[macbook-pro]]></title>
					<link>http://dummy.xtemos.com/woodmart2/mega-electronics/?attachment_id=402</link>
					<pubDate>Tue, 20 Dec 2022 12:35:38 +0000</pubDate>
					<dc:creator><![CDATA[zakhar]]></dc:creator>
					<guid isPermaLink="false">http://dummy.xtemos.com/woodmart2/mega-electronics/wp-content/uploads/sites/7/2022/12/macbook-pro.jpg</guid>
															<wp:post_id>402</wp:post_id>
					<wp:post_date><![CDATA[2022-12-20 12:35:38]]></wp:post_date>
					<wp:post_date_gmt><![CDATA[2022-12-20 12:35:38]]></wp:post_date_gmt>
					<wp:post_modified><![CDATA[2022-12-20 12:35:38]]></wp:post_modified>
					<wp:post_modified_gmt><![CDATA[2022-12-20 12:35:38]]></wp:post_modified_gmt>
					<wp:comment_status><![CDATA[open]]></wp:comment_status>
					<wp:post_name><![CDATA[macbook-pro]]></wp:post_name>
					<wp:status><![CDATA[inherit]]></wp:status>
					<wp:post_parent>386</wp:post_parent>
					<wp:menu_order>0</wp:menu_order>
					<wp:post_type><![CDATA[attachment]]></wp:post_type>
											<wp:attachment_url><![CDATA[http://dummy.xtemos.com/woodmart2/mega-electronics/wp-content/uploads/sites/7/2022/12/macbook-pro.jpg]]></wp:attachment_url>
																					<wp:postmeta>
							<wp:meta_key><![CDATA[_wp_attached_file]]></wp:meta_key>
							<wp:meta_value><![CDATA[2022/12/macbook-pro.jpg]]></wp:meta_value>
						</wp:postmeta>
										</item>
								<item>
					<title><![CDATA[m1-pro]]></title>
					<link>http://dummy.xtemos.com/woodmart2/mega-electronics/?attachment_id=403</link>
					<pubDate>Tue, 20 Dec 2022 12:35:53 +0000</pubDate>
					<dc:creator><![CDATA[zakhar]]></dc:creator>
					<guid isPermaLink="false">http://dummy.xtemos.com/woodmart2/mega-electronics/wp-content/uploads/sites/7/2022/12/m1-pro.jpg</guid>
															<wp:post_id>403</wp:post_id>
					<wp:post_date><![CDATA[2022-12-20 12:35:53]]></wp:post_date>
					<wp:post_date_gmt><![CDATA[2022-12-20 12:35:53]]></wp:post_date_gmt>
					<wp:post_modified><![CDATA[2022-12-20 12:35:53]]></wp:post_modified>
					<wp:post_modified_gmt><![CDATA[2022-12-20 12:35:53]]></wp:post_modified_gmt>
					<wp:comment_status><![CDATA[open]]></wp:comment_status>
					<wp:post_name><![CDATA[m1-pro]]></wp:post_name>
					<wp:status><![CDATA[inherit]]></wp:status>
					<wp:post_parent>386</wp:post_parent>
					<wp:menu_order>0</wp:menu_order>
					<wp:post_type><![CDATA[attachment]]></wp:post_type>
											<wp:attachment_url><![CDATA[http://dummy.xtemos.com/woodmart2/mega-electronics/wp-content/uploads/sites/7/2022/12/m1-pro.jpg]]></wp:attachment_url>
																					<wp:postmeta>
							<wp:meta_key><![CDATA[_wp_attached_file]]></wp:meta_key>
							<wp:meta_value><![CDATA[2022/12/m1-pro.jpg]]></wp:meta_value>
						</wp:postmeta>
										</item>
								<item>
					<title><![CDATA[m1-max]]></title>
					<link>http://dummy.xtemos.com/woodmart2/mega-electronics/?attachment_id=404</link>
					<pubDate>Tue, 20 Dec 2022 12:36:02 +0000</pubDate>
					<dc:creator><![CDATA[zakhar]]></dc:creator>
					<guid isPermaLink="false">http://dummy.xtemos.com/woodmart2/mega-electronics/wp-content/uploads/sites/7/2022/12/m1-max.jpg</guid>
															<wp:post_id>404</wp:post_id>
					<wp:post_date><![CDATA[2022-12-20 12:36:02]]></wp:post_date>
					<wp:post_date_gmt><![CDATA[2022-12-20 12:36:02]]></wp:post_date_gmt>
					<wp:post_modified><![CDATA[2022-12-20 12:36:02]]></wp:post_modified>
					<wp:post_modified_gmt><![CDATA[2022-12-20 12:36:02]]></wp:post_modified_gmt>
					<wp:comment_status><![CDATA[open]]></wp:comment_status>
					<wp:post_name><![CDATA[m1-max]]></wp:post_name>
					<wp:status><![CDATA[inherit]]></wp:status>
					<wp:post_parent>386</wp:post_parent>
					<wp:menu_order>0</wp:menu_order>
					<wp:post_type><![CDATA[attachment]]></wp:post_type>
											<wp:attachment_url><![CDATA[http://dummy.xtemos.com/woodmart2/mega-electronics/wp-content/uploads/sites/7/2022/12/m1-max.jpg]]></wp:attachment_url>
																					<wp:postmeta>
							<wp:meta_key><![CDATA[_wp_attached_file]]></wp:meta_key>
							<wp:meta_value><![CDATA[2022/12/m1-max.jpg]]></wp:meta_value>
						</wp:postmeta>
										</item>
								<item>
					<title><![CDATA[acer-prodesigner-pe320qk-1]]></title>
					<link>http://dummy.xtemos.com/woodmart2/mega-electronics/?attachment_id=538</link>
					<pubDate>Wed, 21 Dec 2022 12:01:19 +0000</pubDate>
					<dc:creator><![CDATA[zakhar]]></dc:creator>
					<guid isPermaLink="false">http://dummy.xtemos.com/woodmart2/mega-electronics/wp-content/uploads/sites/7/2022/12/acer-prodesigner-pe320qk-1.jpg</guid>
															<wp:post_id>538</wp:post_id>
					<wp:post_date><![CDATA[2022-12-21 12:01:19]]></wp:post_date>
					<wp:post_date_gmt><![CDATA[2022-12-21 12:01:19]]></wp:post_date_gmt>
					<wp:post_modified><![CDATA[2022-12-21 12:01:19]]></wp:post_modified>
					<wp:post_modified_gmt><![CDATA[2022-12-21 12:01:19]]></wp:post_modified_gmt>
					<wp:comment_status><![CDATA[open]]></wp:comment_status>
					<wp:post_name><![CDATA[acer-prodesigner-pe320qk-1]]></wp:post_name>
					<wp:status><![CDATA[inherit]]></wp:status>
					<wp:post_parent>537</wp:post_parent>
					<wp:menu_order>0</wp:menu_order>
					<wp:post_type><![CDATA[attachment]]></wp:post_type>
											<wp:attachment_url><![CDATA[http://dummy.xtemos.com/woodmart2/mega-electronics/wp-content/uploads/sites/7/2022/12/acer-prodesigner-pe320qk-1.jpg]]></wp:attachment_url>
																					<wp:postmeta>
							<wp:meta_key><![CDATA[_wp_attached_file]]></wp:meta_key>
							<wp:meta_value><![CDATA[2022/12/acer-prodesigner-pe320qk-1.jpg]]></wp:meta_value>
						</wp:postmeta>
										</item>
								<item>
					<title><![CDATA[aoc-agon-ag493ucx-1]]></title>
					<link>http://dummy.xtemos.com/woodmart2/mega-electronics/?attachment_id=543</link>
					<pubDate>Wed, 21 Dec 2022 12:09:38 +0000</pubDate>
					<dc:creator><![CDATA[zakhar]]></dc:creator>
					<guid isPermaLink="false">http://dummy.xtemos.com/woodmart2/mega-electronics/wp-content/uploads/sites/7/2022/12/aoc-agon-ag493ucx-1.jpg</guid>
															<wp:post_id>543</wp:post_id>
					<wp:post_date><![CDATA[2022-12-21 12:09:38]]></wp:post_date>
					<wp:post_date_gmt><![CDATA[2022-12-21 12:09:38]]></wp:post_date_gmt>
					<wp:post_modified><![CDATA[2022-12-21 12:09:38]]></wp:post_modified>
					<wp:post_modified_gmt><![CDATA[2022-12-21 12:09:38]]></wp:post_modified_gmt>
					<wp:comment_status><![CDATA[open]]></wp:comment_status>
					<wp:post_name><![CDATA[aoc-agon-ag493ucx-1]]></wp:post_name>
					<wp:status><![CDATA[inherit]]></wp:status>
					<wp:post_parent>542</wp:post_parent>
					<wp:menu_order>0</wp:menu_order>
					<wp:post_type><![CDATA[attachment]]></wp:post_type>
											<wp:attachment_url><![CDATA[http://dummy.xtemos.com/woodmart2/mega-electronics/wp-content/uploads/sites/7/2022/12/aoc-agon-ag493ucx-1.jpg]]></wp:attachment_url>
																					<wp:postmeta>
							<wp:meta_key><![CDATA[_wp_attached_file]]></wp:meta_key>
							<wp:meta_value><![CDATA[2022/12/aoc-agon-ag493ucx-1.jpg]]></wp:meta_value>
						</wp:postmeta>
										</item>
								<item>
					<title><![CDATA[canon-i-sensys-lbp722cdw-1]]></title>
					<link>http://dummy.xtemos.com/woodmart2/mega-electronics/?attachment_id=581</link>
					<pubDate>Wed, 21 Dec 2022 12:32:22 +0000</pubDate>
					<dc:creator><![CDATA[zakhar]]></dc:creator>
					<guid isPermaLink="false">http://dummy.xtemos.com/woodmart2/mega-electronics/wp-content/uploads/sites/7/2022/12/canon-i-sensys-lbp722cdw-1.jpg</guid>
															<wp:post_id>581</wp:post_id>
					<wp:post_date><![CDATA[2022-12-21 12:32:22]]></wp:post_date>
					<wp:post_date_gmt><![CDATA[2022-12-21 12:32:22]]></wp:post_date_gmt>
					<wp:post_modified><![CDATA[2022-12-21 12:32:22]]></wp:post_modified>
					<wp:post_modified_gmt><![CDATA[2022-12-21 12:32:22]]></wp:post_modified_gmt>
					<wp:comment_status><![CDATA[open]]></wp:comment_status>
					<wp:post_name><![CDATA[canon-i-sensys-lbp722cdw-1]]></wp:post_name>
					<wp:status><![CDATA[inherit]]></wp:status>
					<wp:post_parent>580</wp:post_parent>
					<wp:menu_order>0</wp:menu_order>
					<wp:post_type><![CDATA[attachment]]></wp:post_type>
											<wp:attachment_url><![CDATA[http://dummy.xtemos.com/woodmart2/mega-electronics/wp-content/uploads/sites/7/2022/12/canon-i-sensys-lbp722cdw-1.jpg]]></wp:attachment_url>
																					<wp:postmeta>
							<wp:meta_key><![CDATA[_wp_attached_file]]></wp:meta_key>
							<wp:meta_value><![CDATA[2022/12/canon-i-sensys-lbp722cdw-1.jpg]]></wp:meta_value>
						</wp:postmeta>
										</item>
								<item>
					<title><![CDATA[alogic-ultra-mini-usb-1]]></title>
					<link>http://dummy.xtemos.com/woodmart2/mega-electronics/?attachment_id=589</link>
					<pubDate>Wed, 21 Dec 2022 12:36:18 +0000</pubDate>
					<dc:creator><![CDATA[zakhar]]></dc:creator>
					<guid isPermaLink="false">http://dummy.xtemos.com/woodmart2/mega-electronics/wp-content/uploads/sites/7/2022/12/alogic-ultra-mini-usb-1.jpg</guid>
															<wp:post_id>589</wp:post_id>
					<wp:post_date><![CDATA[2022-12-21 12:36:18]]></wp:post_date>
					<wp:post_date_gmt><![CDATA[2022-12-21 12:36:18]]></wp:post_date_gmt>
					<wp:post_modified><![CDATA[2022-12-21 12:36:18]]></wp:post_modified>
					<wp:post_modified_gmt><![CDATA[2022-12-21 12:36:18]]></wp:post_modified_gmt>
					<wp:comment_status><![CDATA[open]]></wp:comment_status>
					<wp:post_name><![CDATA[alogic-ultra-mini-usb-1]]></wp:post_name>
					<wp:status><![CDATA[inherit]]></wp:status>
					<wp:post_parent>588</wp:post_parent>
					<wp:menu_order>0</wp:menu_order>
					<wp:post_type><![CDATA[attachment]]></wp:post_type>
											<wp:attachment_url><![CDATA[http://dummy.xtemos.com/woodmart2/mega-electronics/wp-content/uploads/sites/7/2022/12/alogic-ultra-mini-usb-1.jpg]]></wp:attachment_url>
																					<wp:postmeta>
							<wp:meta_key><![CDATA[_wp_attached_file]]></wp:meta_key>
							<wp:meta_value><![CDATA[2022/12/alogic-ultra-mini-usb-1.jpg]]></wp:meta_value>
						</wp:postmeta>
										</item>
								<item>
					<title><![CDATA[acer-sa100-sataiii-1]]></title>
					<link>http://dummy.xtemos.com/woodmart2/mega-electronics/?attachment_id=612</link>
					<pubDate>Wed, 21 Dec 2022 13:01:14 +0000</pubDate>
					<dc:creator><![CDATA[zakhar]]></dc:creator>
					<guid isPermaLink="false">http://dummy.xtemos.com/woodmart2/mega-electronics/wp-content/uploads/sites/7/2022/12/acer-sa100-sataiii-1.jpg</guid>
															<wp:post_id>612</wp:post_id>
					<wp:post_date><![CDATA[2022-12-21 13:01:14]]></wp:post_date>
					<wp:post_date_gmt><![CDATA[2022-12-21 13:01:14]]></wp:post_date_gmt>
					<wp:post_modified><![CDATA[2022-12-21 13:01:14]]></wp:post_modified>
					<wp:post_modified_gmt><![CDATA[2022-12-21 13:01:14]]></wp:post_modified_gmt>
					<wp:comment_status><![CDATA[open]]></wp:comment_status>
					<wp:post_name><![CDATA[acer-sa100-sataiii-1]]></wp:post_name>
					<wp:status><![CDATA[inherit]]></wp:status>
					<wp:post_parent>611</wp:post_parent>
					<wp:menu_order>0</wp:menu_order>
					<wp:post_type><![CDATA[attachment]]></wp:post_type>
											<wp:attachment_url><![CDATA[http://dummy.xtemos.com/woodmart2/mega-electronics/wp-content/uploads/sites/7/2022/12/acer-sa100-sataiii-1.jpg]]></wp:attachment_url>
																					<wp:postmeta>
							<wp:meta_key><![CDATA[_wp_attached_file]]></wp:meta_key>
							<wp:meta_value><![CDATA[2022/12/acer-sa100-sataiii-1.jpg]]></wp:meta_value>
						</wp:postmeta>
										</item>
								<item>
					<title><![CDATA[amd-ryzen-5-5600x-1]]></title>
					<link>http://dummy.xtemos.com/woodmart2/mega-electronics/?attachment_id=629</link>
					<pubDate>Wed, 21 Dec 2022 13:18:57 +0000</pubDate>
					<dc:creator><![CDATA[zakhar]]></dc:creator>
					<guid isPermaLink="false">http://dummy.xtemos.com/woodmart2/mega-electronics/wp-content/uploads/sites/7/2022/12/amd-ryzen-5-5600x-1.jpg</guid>
															<wp:post_id>629</wp:post_id>
					<wp:post_date><![CDATA[2022-12-21 13:18:57]]></wp:post_date>
					<wp:post_date_gmt><![CDATA[2022-12-21 13:18:57]]></wp:post_date_gmt>
					<wp:post_modified><![CDATA[2022-12-21 13:18:57]]></wp:post_modified>
					<wp:post_modified_gmt><![CDATA[2022-12-21 13:18:57]]></wp:post_modified_gmt>
					<wp:comment_status><![CDATA[open]]></wp:comment_status>
					<wp:post_name><![CDATA[amd-ryzen-5-5600x-1]]></wp:post_name>
					<wp:status><![CDATA[inherit]]></wp:status>
					<wp:post_parent>628</wp:post_parent>
					<wp:menu_order>0</wp:menu_order>
					<wp:post_type><![CDATA[attachment]]></wp:post_type>
											<wp:attachment_url><![CDATA[http://dummy.xtemos.com/woodmart2/mega-electronics/wp-content/uploads/sites/7/2022/12/amd-ryzen-5-5600x-1.jpg]]></wp:attachment_url>
																					<wp:postmeta>
							<wp:meta_key><![CDATA[_wp_attached_file]]></wp:meta_key>
							<wp:meta_value><![CDATA[2022/12/amd-ryzen-5-5600x-1.jpg]]></wp:meta_value>
						</wp:postmeta>
										</item>
								<item>
					<title><![CDATA[logitech-g735-icon-1]]></title>
					<link>http://dummy.xtemos.com/woodmart2/mega-electronics/?attachment_id=959</link>
					<pubDate>Thu, 26 Jan 2023 12:26:51 +0000</pubDate>
					<dc:creator><![CDATA[zakhar]]></dc:creator>
					<guid isPermaLink="false">http://dummy.xtemos.com/woodmart2/mega-electronics/wp-content/uploads/sites/7/2022/12/logitech-g735-icon-1-1.svg</guid>
															<wp:post_id>959</wp:post_id>
					<wp:post_date><![CDATA[2023-01-26 12:26:51]]></wp:post_date>
					<wp:post_date_gmt><![CDATA[2023-01-26 12:26:51]]></wp:post_date_gmt>
					<wp:post_modified><![CDATA[2023-01-26 12:26:51]]></wp:post_modified>
					<wp:post_modified_gmt><![CDATA[2023-01-26 12:26:51]]></wp:post_modified_gmt>
					<wp:comment_status><![CDATA[open]]></wp:comment_status>
					<wp:post_name><![CDATA[logitech-g735-icon-1-2]]></wp:post_name>
					<wp:status><![CDATA[inherit]]></wp:status>
					<wp:post_parent>604</wp:post_parent>
					<wp:menu_order>0</wp:menu_order>
					<wp:post_type><![CDATA[attachment]]></wp:post_type>
											<wp:attachment_url><![CDATA[http://dummy.xtemos.com/woodmart2/mega-electronics/wp-content/uploads/sites/7/2022/12/logitech-g735-icon-1-1.svg]]></wp:attachment_url>
																					<wp:postmeta>
							<wp:meta_key><![CDATA[_wp_attached_file]]></wp:meta_key>
							<wp:meta_value><![CDATA[2022/12/logitech-g735-icon-1-1.svg]]></wp:meta_value>
						</wp:postmeta>
										</item>
								<item>
					<title><![CDATA[logitech-g735-icon-2]]></title>
					<link>http://dummy.xtemos.com/woodmart2/mega-electronics/?attachment_id=960</link>
					<pubDate>Thu, 26 Jan 2023 12:26:51 +0000</pubDate>
					<dc:creator><![CDATA[zakhar]]></dc:creator>
					<guid isPermaLink="false">http://dummy.xtemos.com/woodmart2/mega-electronics/wp-content/uploads/sites/7/2022/12/logitech-g735-icon-2-1.svg</guid>
															<wp:post_id>960</wp:post_id>
					<wp:post_date><![CDATA[2023-01-26 12:26:51]]></wp:post_date>
					<wp:post_date_gmt><![CDATA[2023-01-26 12:26:51]]></wp:post_date_gmt>
					<wp:post_modified><![CDATA[2023-01-26 12:26:51]]></wp:post_modified>
					<wp:post_modified_gmt><![CDATA[2023-01-26 12:26:51]]></wp:post_modified_gmt>
					<wp:comment_status><![CDATA[open]]></wp:comment_status>
					<wp:post_name><![CDATA[logitech-g735-icon-2-2]]></wp:post_name>
					<wp:status><![CDATA[inherit]]></wp:status>
					<wp:post_parent>604</wp:post_parent>
					<wp:menu_order>0</wp:menu_order>
					<wp:post_type><![CDATA[attachment]]></wp:post_type>
											<wp:attachment_url><![CDATA[http://dummy.xtemos.com/woodmart2/mega-electronics/wp-content/uploads/sites/7/2022/12/logitech-g735-icon-2-1.svg]]></wp:attachment_url>
																					<wp:postmeta>
							<wp:meta_key><![CDATA[_wp_attached_file]]></wp:meta_key>
							<wp:meta_value><![CDATA[2022/12/logitech-g735-icon-2-1.svg]]></wp:meta_value>
						</wp:postmeta>
										</item>
								<item>
					<title><![CDATA[logitech-g735-icon-3]]></title>
					<link>http://dummy.xtemos.com/woodmart2/mega-electronics/?attachment_id=961</link>
					<pubDate>Thu, 26 Jan 2023 12:26:51 +0000</pubDate>
					<dc:creator><![CDATA[zakhar]]></dc:creator>
					<guid isPermaLink="false">http://dummy.xtemos.com/woodmart2/mega-electronics/wp-content/uploads/sites/7/2022/12/logitech-g735-icon-3-1.svg</guid>
															<wp:post_id>961</wp:post_id>
					<wp:post_date><![CDATA[2023-01-26 12:26:51]]></wp:post_date>
					<wp:post_date_gmt><![CDATA[2023-01-26 12:26:51]]></wp:post_date_gmt>
					<wp:post_modified><![CDATA[2023-01-26 12:26:51]]></wp:post_modified>
					<wp:post_modified_gmt><![CDATA[2023-01-26 12:26:51]]></wp:post_modified_gmt>
					<wp:comment_status><![CDATA[open]]></wp:comment_status>
					<wp:post_name><![CDATA[logitech-g735-icon-3-2]]></wp:post_name>
					<wp:status><![CDATA[inherit]]></wp:status>
					<wp:post_parent>604</wp:post_parent>
					<wp:menu_order>0</wp:menu_order>
					<wp:post_type><![CDATA[attachment]]></wp:post_type>
											<wp:attachment_url><![CDATA[http://dummy.xtemos.com/woodmart2/mega-electronics/wp-content/uploads/sites/7/2022/12/logitech-g735-icon-3-1.svg]]></wp:attachment_url>
																					<wp:postmeta>
							<wp:meta_key><![CDATA[_wp_attached_file]]></wp:meta_key>
							<wp:meta_value><![CDATA[2022/12/logitech-g735-icon-3-1.svg]]></wp:meta_value>
						</wp:postmeta>
										</item>
								<item>
					<title><![CDATA[logitech-g735-ear-mic-gallery-1-white]]></title>
					<link>http://dummy.xtemos.com/woodmart2/mega-electronics/?attachment_id=963</link>
					<pubDate>Thu, 26 Jan 2023 12:27:34 +0000</pubDate>
					<dc:creator><![CDATA[zakhar]]></dc:creator>
					<guid isPermaLink="false">http://dummy.xtemos.com/woodmart2/mega-electronics/wp-content/uploads/sites/7/2022/12/logitech-g735-ear-mic-gallery-1-white-1.jpg</guid>
															<wp:post_id>963</wp:post_id>
					<wp:post_date><![CDATA[2023-01-26 12:27:34]]></wp:post_date>
					<wp:post_date_gmt><![CDATA[2023-01-26 12:27:34]]></wp:post_date_gmt>
					<wp:post_modified><![CDATA[2023-01-26 12:27:34]]></wp:post_modified>
					<wp:post_modified_gmt><![CDATA[2023-01-26 12:27:34]]></wp:post_modified_gmt>
					<wp:comment_status><![CDATA[open]]></wp:comment_status>
					<wp:post_name><![CDATA[logitech-g735-ear-mic-gallery-1-white-2]]></wp:post_name>
					<wp:status><![CDATA[inherit]]></wp:status>
					<wp:post_parent>604</wp:post_parent>
					<wp:menu_order>0</wp:menu_order>
					<wp:post_type><![CDATA[attachment]]></wp:post_type>
											<wp:attachment_url><![CDATA[http://dummy.xtemos.com/woodmart2/mega-electronics/wp-content/uploads/sites/7/2022/12/logitech-g735-ear-mic-gallery-1-white-1.jpg]]></wp:attachment_url>
																					<wp:postmeta>
							<wp:meta_key><![CDATA[_wp_attached_file]]></wp:meta_key>
							<wp:meta_value><![CDATA[2022/12/logitech-g735-ear-mic-gallery-1-white-1.jpg]]></wp:meta_value>
						</wp:postmeta>
										</item>
								<item>
					<title><![CDATA[logitech-g735-ear-mic-gallery-1-pink]]></title>
					<link>http://dummy.xtemos.com/woodmart2/mega-electronics/?attachment_id=964</link>
					<pubDate>Thu, 26 Jan 2023 12:27:34 +0000</pubDate>
					<dc:creator><![CDATA[zakhar]]></dc:creator>
					<guid isPermaLink="false">http://dummy.xtemos.com/woodmart2/mega-electronics/wp-content/uploads/sites/7/2022/12/logitech-g735-ear-mic-gallery-1-pink-1.jpg</guid>
															<wp:post_id>964</wp:post_id>
					<wp:post_date><![CDATA[2023-01-26 12:27:34]]></wp:post_date>
					<wp:post_date_gmt><![CDATA[2023-01-26 12:27:34]]></wp:post_date_gmt>
					<wp:post_modified><![CDATA[2023-01-26 12:27:34]]></wp:post_modified>
					<wp:post_modified_gmt><![CDATA[2023-01-26 12:27:34]]></wp:post_modified_gmt>
					<wp:comment_status><![CDATA[open]]></wp:comment_status>
					<wp:post_name><![CDATA[logitech-g735-ear-mic-gallery-1-pink-2]]></wp:post_name>
					<wp:status><![CDATA[inherit]]></wp:status>
					<wp:post_parent>604</wp:post_parent>
					<wp:menu_order>0</wp:menu_order>
					<wp:post_type><![CDATA[attachment]]></wp:post_type>
											<wp:attachment_url><![CDATA[http://dummy.xtemos.com/woodmart2/mega-electronics/wp-content/uploads/sites/7/2022/12/logitech-g735-ear-mic-gallery-1-pink-1.jpg]]></wp:attachment_url>
																					<wp:postmeta>
							<wp:meta_key><![CDATA[_wp_attached_file]]></wp:meta_key>
							<wp:meta_value><![CDATA[2022/12/logitech-g735-ear-mic-gallery-1-pink-1.jpg]]></wp:meta_value>
						</wp:postmeta>
										</item>
								<item>
					<title><![CDATA[logitech-g735-ear-mic-gallery-1-green]]></title>
					<link>http://dummy.xtemos.com/woodmart2/mega-electronics/?attachment_id=965</link>
					<pubDate>Thu, 26 Jan 2023 12:27:34 +0000</pubDate>
					<dc:creator><![CDATA[zakhar]]></dc:creator>
					<guid isPermaLink="false">http://dummy.xtemos.com/woodmart2/mega-electronics/wp-content/uploads/sites/7/2022/12/logitech-g735-ear-mic-gallery-1-green-1.jpg</guid>
															<wp:post_id>965</wp:post_id>
					<wp:post_date><![CDATA[2023-01-26 12:27:34]]></wp:post_date>
					<wp:post_date_gmt><![CDATA[2023-01-26 12:27:34]]></wp:post_date_gmt>
					<wp:post_modified><![CDATA[2023-01-26 12:27:34]]></wp:post_modified>
					<wp:post_modified_gmt><![CDATA[2023-01-26 12:27:34]]></wp:post_modified_gmt>
					<wp:comment_status><![CDATA[open]]></wp:comment_status>
					<wp:post_name><![CDATA[logitech-g735-ear-mic-gallery-1-green-2]]></wp:post_name>
					<wp:status><![CDATA[inherit]]></wp:status>
					<wp:post_parent>604</wp:post_parent>
					<wp:menu_order>0</wp:menu_order>
					<wp:post_type><![CDATA[attachment]]></wp:post_type>
											<wp:attachment_url><![CDATA[http://dummy.xtemos.com/woodmart2/mega-electronics/wp-content/uploads/sites/7/2022/12/logitech-g735-ear-mic-gallery-1-green-1.jpg]]></wp:attachment_url>
																					<wp:postmeta>
							<wp:meta_key><![CDATA[_wp_attached_file]]></wp:meta_key>
							<wp:meta_value><![CDATA[2022/12/logitech-g735-ear-mic-gallery-1-green-1.jpg]]></wp:meta_value>
						</wp:postmeta>
										</item>
								<item>
					<title><![CDATA[hp-envy-34]]></title>
					<link>http://dummy.xtemos.com/woodmart2/mega-electronics/hp-envy-34/</link>
					<pubDate>Mon, 19 Dec 2022 15:09:30 +0000</pubDate>
					<dc:creator><![CDATA[zakhar]]></dc:creator>
					<guid isPermaLink="false">http://dummy.xtemos.com/woodmart2/mega-electronics/wp-content/uploads/sites/7/2022/12/hp-envy-34.jpg</guid>
															<wp:post_id>347</wp:post_id>
					<wp:post_date><![CDATA[2022-12-19 15:09:30]]></wp:post_date>
					<wp:post_date_gmt><![CDATA[2022-12-19 15:09:30]]></wp:post_date_gmt>
					<wp:post_modified><![CDATA[2022-12-19 15:09:30]]></wp:post_modified>
					<wp:post_modified_gmt><![CDATA[2022-12-19 15:09:30]]></wp:post_modified_gmt>
					<wp:comment_status><![CDATA[open]]></wp:comment_status>
					<wp:post_name><![CDATA[hp-envy-34]]></wp:post_name>
					<wp:status><![CDATA[inherit]]></wp:status>
					<wp:post_parent>0</wp:post_parent>
					<wp:menu_order>0</wp:menu_order>
					<wp:post_type><![CDATA[attachment]]></wp:post_type>
											<wp:attachment_url><![CDATA[http://dummy.xtemos.com/woodmart2/mega-electronics/wp-content/uploads/sites/7/2022/12/hp-envy-34.jpg]]></wp:attachment_url>
																					<wp:postmeta>
							<wp:meta_key><![CDATA[_wp_attached_file]]></wp:meta_key>
							<wp:meta_value><![CDATA[2022/12/hp-envy-34.jpg]]></wp:meta_value>
						</wp:postmeta>
										</item>
								<item>
					<title><![CDATA[apple-macbook-pro-16-silver-1]]></title>
					<link>http://dummy.xtemos.com/woodmart2/mega-electronics/?attachment_id=387</link>
					<pubDate>Tue, 20 Dec 2022 12:11:17 +0000</pubDate>
					<dc:creator><![CDATA[zakhar]]></dc:creator>
					<guid isPermaLink="false">http://dummy.xtemos.com/woodmart2/mega-electronics/wp-content/uploads/sites/7/2022/12/apple-macbook-pro-16-silver-1.jpg</guid>
															<wp:post_id>387</wp:post_id>
					<wp:post_date><![CDATA[2022-12-20 12:11:17]]></wp:post_date>
					<wp:post_date_gmt><![CDATA[2022-12-20 12:11:17]]></wp:post_date_gmt>
					<wp:post_modified><![CDATA[2022-12-20 12:11:17]]></wp:post_modified>
					<wp:post_modified_gmt><![CDATA[2022-12-20 12:11:17]]></wp:post_modified_gmt>
					<wp:comment_status><![CDATA[open]]></wp:comment_status>
					<wp:post_name><![CDATA[apple-macbook-pro-16-silver-1]]></wp:post_name>
					<wp:status><![CDATA[inherit]]></wp:status>
					<wp:post_parent>386</wp:post_parent>
					<wp:menu_order>0</wp:menu_order>
					<wp:post_type><![CDATA[attachment]]></wp:post_type>
											<wp:attachment_url><![CDATA[http://dummy.xtemos.com/woodmart2/mega-electronics/wp-content/uploads/sites/7/2022/12/apple-macbook-pro-16-silver-1.jpg]]></wp:attachment_url>
																					<wp:postmeta>
							<wp:meta_key><![CDATA[_wp_attached_file]]></wp:meta_key>
							<wp:meta_value><![CDATA[2022/12/apple-macbook-pro-16-silver-1.jpg]]></wp:meta_value>
						</wp:postmeta>
										</item>
								<item>
					<title><![CDATA[apple-macbook-pro-16-silver-2]]></title>
					<link>http://dummy.xtemos.com/woodmart2/mega-electronics/?attachment_id=388</link>
					<pubDate>Tue, 20 Dec 2022 12:11:33 +0000</pubDate>
					<dc:creator><![CDATA[zakhar]]></dc:creator>
					<guid isPermaLink="false">http://dummy.xtemos.com/woodmart2/mega-electronics/wp-content/uploads/sites/7/2022/12/apple-macbook-pro-16-silver-2.jpg</guid>
															<wp:post_id>388</wp:post_id>
					<wp:post_date><![CDATA[2022-12-20 12:11:33]]></wp:post_date>
					<wp:post_date_gmt><![CDATA[2022-12-20 12:11:33]]></wp:post_date_gmt>
					<wp:post_modified><![CDATA[2022-12-20 12:11:33]]></wp:post_modified>
					<wp:post_modified_gmt><![CDATA[2022-12-20 12:11:33]]></wp:post_modified_gmt>
					<wp:comment_status><![CDATA[open]]></wp:comment_status>
					<wp:post_name><![CDATA[apple-macbook-pro-16-silver-2]]></wp:post_name>
					<wp:status><![CDATA[inherit]]></wp:status>
					<wp:post_parent>386</wp:post_parent>
					<wp:menu_order>0</wp:menu_order>
					<wp:post_type><![CDATA[attachment]]></wp:post_type>
											<wp:attachment_url><![CDATA[http://dummy.xtemos.com/woodmart2/mega-electronics/wp-content/uploads/sites/7/2022/12/apple-macbook-pro-16-silver-2.jpg]]></wp:attachment_url>
																					<wp:postmeta>
							<wp:meta_key><![CDATA[_wp_attached_file]]></wp:meta_key>
							<wp:meta_value><![CDATA[2022/12/apple-macbook-pro-16-silver-2.jpg]]></wp:meta_value>
						</wp:postmeta>
										</item>
								<item>
					<title><![CDATA[apple-macbook-pro-16-silver-3]]></title>
					<link>http://dummy.xtemos.com/woodmart2/mega-electronics/?attachment_id=389</link>
					<pubDate>Tue, 20 Dec 2022 12:11:34 +0000</pubDate>
					<dc:creator><![CDATA[zakhar]]></dc:creator>
					<guid isPermaLink="false">http://dummy.xtemos.com/woodmart2/mega-electronics/wp-content/uploads/sites/7/2022/12/apple-macbook-pro-16-silver-3.jpg</guid>
															<wp:post_id>389</wp:post_id>
					<wp:post_date><![CDATA[2022-12-20 12:11:34]]></wp:post_date>
					<wp:post_date_gmt><![CDATA[2022-12-20 12:11:34]]></wp:post_date_gmt>
					<wp:post_modified><![CDATA[2022-12-20 12:11:34]]></wp:post_modified>
					<wp:post_modified_gmt><![CDATA[2022-12-20 12:11:34]]></wp:post_modified_gmt>
					<wp:comment_status><![CDATA[open]]></wp:comment_status>
					<wp:post_name><![CDATA[apple-macbook-pro-16-silver-3]]></wp:post_name>
					<wp:status><![CDATA[inherit]]></wp:status>
					<wp:post_parent>386</wp:post_parent>
					<wp:menu_order>0</wp:menu_order>
					<wp:post_type><![CDATA[attachment]]></wp:post_type>
											<wp:attachment_url><![CDATA[http://dummy.xtemos.com/woodmart2/mega-electronics/wp-content/uploads/sites/7/2022/12/apple-macbook-pro-16-silver-3.jpg]]></wp:attachment_url>
																					<wp:postmeta>
							<wp:meta_key><![CDATA[_wp_attached_file]]></wp:meta_key>
							<wp:meta_value><![CDATA[2022/12/apple-macbook-pro-16-silver-3.jpg]]></wp:meta_value>
						</wp:postmeta>
										</item>
								<item>
					<title><![CDATA[apple-macbook-pro-16-silver-4]]></title>
					<link>http://dummy.xtemos.com/woodmart2/mega-electronics/?attachment_id=390</link>
					<pubDate>Tue, 20 Dec 2022 12:11:34 +0000</pubDate>
					<dc:creator><![CDATA[zakhar]]></dc:creator>
					<guid isPermaLink="false">http://dummy.xtemos.com/woodmart2/mega-electronics/wp-content/uploads/sites/7/2022/12/apple-macbook-pro-16-silver-4.jpg</guid>
															<wp:post_id>390</wp:post_id>
					<wp:post_date><![CDATA[2022-12-20 12:11:34]]></wp:post_date>
					<wp:post_date_gmt><![CDATA[2022-12-20 12:11:34]]></wp:post_date_gmt>
					<wp:post_modified><![CDATA[2022-12-20 12:11:34]]></wp:post_modified>
					<wp:post_modified_gmt><![CDATA[2022-12-20 12:11:34]]></wp:post_modified_gmt>
					<wp:comment_status><![CDATA[open]]></wp:comment_status>
					<wp:post_name><![CDATA[apple-macbook-pro-16-silver-4]]></wp:post_name>
					<wp:status><![CDATA[inherit]]></wp:status>
					<wp:post_parent>386</wp:post_parent>
					<wp:menu_order>0</wp:menu_order>
					<wp:post_type><![CDATA[attachment]]></wp:post_type>
											<wp:attachment_url><![CDATA[http://dummy.xtemos.com/woodmart2/mega-electronics/wp-content/uploads/sites/7/2022/12/apple-macbook-pro-16-silver-4.jpg]]></wp:attachment_url>
																					<wp:postmeta>
							<wp:meta_key><![CDATA[_wp_attached_file]]></wp:meta_key>
							<wp:meta_value><![CDATA[2022/12/apple-macbook-pro-16-silver-4.jpg]]></wp:meta_value>
						</wp:postmeta>
										</item>
								<item>
					<title><![CDATA[Retina]]></title>
					<link>http://dummy.xtemos.com/woodmart2/mega-electronics/?attachment_id=405</link>
					<pubDate>Tue, 20 Dec 2022 12:36:15 +0000</pubDate>
					<dc:creator><![CDATA[zakhar]]></dc:creator>
					<guid isPermaLink="false">http://dummy.xtemos.com/woodmart2/mega-electronics/wp-content/uploads/sites/7/2022/12/Retina.jpg</guid>
															<wp:post_id>405</wp:post_id>
					<wp:post_date><![CDATA[2022-12-20 12:36:15]]></wp:post_date>
					<wp:post_date_gmt><![CDATA[2022-12-20 12:36:15]]></wp:post_date_gmt>
					<wp:post_modified><![CDATA[2022-12-20 12:36:15]]></wp:post_modified>
					<wp:post_modified_gmt><![CDATA[2022-12-20 12:36:15]]></wp:post_modified_gmt>
					<wp:comment_status><![CDATA[open]]></wp:comment_status>
					<wp:post_name><![CDATA[retina]]></wp:post_name>
					<wp:status><![CDATA[inherit]]></wp:status>
					<wp:post_parent>386</wp:post_parent>
					<wp:menu_order>0</wp:menu_order>
					<wp:post_type><![CDATA[attachment]]></wp:post_type>
											<wp:attachment_url><![CDATA[http://dummy.xtemos.com/woodmart2/mega-electronics/wp-content/uploads/sites/7/2022/12/Retina.jpg]]></wp:attachment_url>
																					<wp:postmeta>
							<wp:meta_key><![CDATA[_wp_attached_file]]></wp:meta_key>
							<wp:meta_value><![CDATA[2022/12/Retina.jpg]]></wp:meta_value>
						</wp:postmeta>
										</item>
								<item>
					<title><![CDATA[mac-os-1]]></title>
					<link>http://dummy.xtemos.com/woodmart2/mega-electronics/?attachment_id=407</link>
					<pubDate>Tue, 20 Dec 2022 12:36:28 +0000</pubDate>
					<dc:creator><![CDATA[zakhar]]></dc:creator>
					<guid isPermaLink="false">http://dummy.xtemos.com/woodmart2/mega-electronics/wp-content/uploads/sites/7/2022/12/mac-os-1.jpg</guid>
															<wp:post_id>407</wp:post_id>
					<wp:post_date><![CDATA[2022-12-20 12:36:28]]></wp:post_date>
					<wp:post_date_gmt><![CDATA[2022-12-20 12:36:28]]></wp:post_date_gmt>
					<wp:post_modified><![CDATA[2022-12-20 12:36:28]]></wp:post_modified>
					<wp:post_modified_gmt><![CDATA[2022-12-20 12:36:28]]></wp:post_modified_gmt>
					<wp:comment_status><![CDATA[open]]></wp:comment_status>
					<wp:post_name><![CDATA[mac-os-1]]></wp:post_name>
					<wp:status><![CDATA[inherit]]></wp:status>
					<wp:post_parent>386</wp:post_parent>
					<wp:menu_order>0</wp:menu_order>
					<wp:post_type><![CDATA[attachment]]></wp:post_type>
											<wp:attachment_url><![CDATA[http://dummy.xtemos.com/woodmart2/mega-electronics/wp-content/uploads/sites/7/2022/12/mac-os-1.jpg]]></wp:attachment_url>
																					<wp:postmeta>
							<wp:meta_key><![CDATA[_wp_attached_file]]></wp:meta_key>
							<wp:meta_value><![CDATA[2022/12/mac-os-1.jpg]]></wp:meta_value>
						</wp:postmeta>
										</item>
								<item>
					<title><![CDATA[mac-os-2]]></title>
					<link>http://dummy.xtemos.com/woodmart2/mega-electronics/?attachment_id=408</link>
					<pubDate>Tue, 20 Dec 2022 12:36:38 +0000</pubDate>
					<dc:creator><![CDATA[zakhar]]></dc:creator>
					<guid isPermaLink="false">http://dummy.xtemos.com/woodmart2/mega-electronics/wp-content/uploads/sites/7/2022/12/mac-os-2.jpg</guid>
															<wp:post_id>408</wp:post_id>
					<wp:post_date><![CDATA[2022-12-20 12:36:38]]></wp:post_date>
					<wp:post_date_gmt><![CDATA[2022-12-20 12:36:38]]></wp:post_date_gmt>
					<wp:post_modified><![CDATA[2022-12-20 12:36:38]]></wp:post_modified>
					<wp:post_modified_gmt><![CDATA[2022-12-20 12:36:38]]></wp:post_modified_gmt>
					<wp:comment_status><![CDATA[open]]></wp:comment_status>
					<wp:post_name><![CDATA[mac-os-2]]></wp:post_name>
					<wp:status><![CDATA[inherit]]></wp:status>
					<wp:post_parent>386</wp:post_parent>
					<wp:menu_order>0</wp:menu_order>
					<wp:post_type><![CDATA[attachment]]></wp:post_type>
											<wp:attachment_url><![CDATA[http://dummy.xtemos.com/woodmart2/mega-electronics/wp-content/uploads/sites/7/2022/12/mac-os-2.jpg]]></wp:attachment_url>
																					<wp:postmeta>
							<wp:meta_key><![CDATA[_wp_attached_file]]></wp:meta_key>
							<wp:meta_value><![CDATA[2022/12/mac-os-2.jpg]]></wp:meta_value>
						</wp:postmeta>
										</item>
								<item>
					<title><![CDATA[apple-macbook-pro-13-silver-1]]></title>
					<link>http://dummy.xtemos.com/woodmart2/mega-electronics/?attachment_id=418</link>
					<pubDate>Tue, 20 Dec 2022 13:46:03 +0000</pubDate>
					<dc:creator><![CDATA[zakhar]]></dc:creator>
					<guid isPermaLink="false">http://dummy.xtemos.com/woodmart2/mega-electronics/wp-content/uploads/sites/7/2022/12/apple-macbook-pro-13-silver-1.jpg</guid>
															<wp:post_id>418</wp:post_id>
					<wp:post_date><![CDATA[2022-12-20 13:46:03]]></wp:post_date>
					<wp:post_date_gmt><![CDATA[2022-12-20 13:46:03]]></wp:post_date_gmt>
					<wp:post_modified><![CDATA[2022-12-20 13:46:03]]></wp:post_modified>
					<wp:post_modified_gmt><![CDATA[2022-12-20 13:46:03]]></wp:post_modified_gmt>
					<wp:comment_status><![CDATA[open]]></wp:comment_status>
					<wp:post_name><![CDATA[apple-macbook-pro-13-silver-1]]></wp:post_name>
					<wp:status><![CDATA[inherit]]></wp:status>
					<wp:post_parent>411</wp:post_parent>
					<wp:menu_order>0</wp:menu_order>
					<wp:post_type><![CDATA[attachment]]></wp:post_type>
											<wp:attachment_url><![CDATA[http://dummy.xtemos.com/woodmart2/mega-electronics/wp-content/uploads/sites/7/2022/12/apple-macbook-pro-13-silver-1.jpg]]></wp:attachment_url>
																					<wp:postmeta>
							<wp:meta_key><![CDATA[_wp_attached_file]]></wp:meta_key>
							<wp:meta_value><![CDATA[2022/12/apple-macbook-pro-13-silver-1.jpg]]></wp:meta_value>
						</wp:postmeta>
										</item>
								<item>
					<title><![CDATA[asus-tuf-gaming-1]]></title>
					<link>http://dummy.xtemos.com/woodmart2/mega-electronics/?attachment_id=432</link>
					<pubDate>Tue, 20 Dec 2022 13:53:46 +0000</pubDate>
					<dc:creator><![CDATA[zakhar]]></dc:creator>
					<guid isPermaLink="false">http://dummy.xtemos.com/woodmart2/mega-electronics/wp-content/uploads/sites/7/2022/12/asus-tuf-gaming-1.jpg</guid>
															<wp:post_id>432</wp:post_id>
					<wp:post_date><![CDATA[2022-12-20 13:53:46]]></wp:post_date>
					<wp:post_date_gmt><![CDATA[2022-12-20 13:53:46]]></wp:post_date_gmt>
					<wp:post_modified><![CDATA[2022-12-20 13:53:46]]></wp:post_modified>
					<wp:post_modified_gmt><![CDATA[2022-12-20 13:53:46]]></wp:post_modified_gmt>
					<wp:comment_status><![CDATA[open]]></wp:comment_status>
					<wp:post_name><![CDATA[asus-tuf-gaming-1]]></wp:post_name>
					<wp:status><![CDATA[inherit]]></wp:status>
					<wp:post_parent>427</wp:post_parent>
					<wp:menu_order>0</wp:menu_order>
					<wp:post_type><![CDATA[attachment]]></wp:post_type>
											<wp:attachment_url><![CDATA[http://dummy.xtemos.com/woodmart2/mega-electronics/wp-content/uploads/sites/7/2022/12/asus-tuf-gaming-1.jpg]]></wp:attachment_url>
																					<wp:postmeta>
							<wp:meta_key><![CDATA[_wp_attached_file]]></wp:meta_key>
							<wp:meta_value><![CDATA[2022/12/asus-tuf-gaming-1.jpg]]></wp:meta_value>
						</wp:postmeta>
										</item>
								<item>
					<title><![CDATA[hp-victus-16-e0174nw-1]]></title>
					<link>http://dummy.xtemos.com/woodmart2/mega-electronics/?attachment_id=437</link>
					<pubDate>Tue, 20 Dec 2022 13:59:30 +0000</pubDate>
					<dc:creator><![CDATA[zakhar]]></dc:creator>
					<guid isPermaLink="false">http://dummy.xtemos.com/woodmart2/mega-electronics/wp-content/uploads/sites/7/2022/12/hp-victus-16-e0174nw-1.jpg</guid>
															<wp:post_id>437</wp:post_id>
					<wp:post_date><![CDATA[2022-12-20 13:59:30]]></wp:post_date>
					<wp:post_date_gmt><![CDATA[2022-12-20 13:59:30]]></wp:post_date_gmt>
					<wp:post_modified><![CDATA[2022-12-20 13:59:30]]></wp:post_modified>
					<wp:post_modified_gmt><![CDATA[2022-12-20 13:59:30]]></wp:post_modified_gmt>
					<wp:comment_status><![CDATA[open]]></wp:comment_status>
					<wp:post_name><![CDATA[hp-victus-16-e0174nw-1]]></wp:post_name>
					<wp:status><![CDATA[inherit]]></wp:status>
					<wp:post_parent>436</wp:post_parent>
					<wp:menu_order>0</wp:menu_order>
					<wp:post_type><![CDATA[attachment]]></wp:post_type>
											<wp:attachment_url><![CDATA[http://dummy.xtemos.com/woodmart2/mega-electronics/wp-content/uploads/sites/7/2022/12/hp-victus-16-e0174nw-1.jpg]]></wp:attachment_url>
																					<wp:postmeta>
							<wp:meta_key><![CDATA[_wp_attached_file]]></wp:meta_key>
							<wp:meta_value><![CDATA[2022/12/hp-victus-16-e0174nw-1.jpg]]></wp:meta_value>
						</wp:postmeta>
										</item>
								<item>
					<title><![CDATA[apple-ipad-mini-pink-1]]></title>
					<link>http://dummy.xtemos.com/woodmart2/mega-electronics/?attachment_id=467</link>
					<pubDate>Tue, 20 Dec 2022 14:30:47 +0000</pubDate>
					<dc:creator><![CDATA[zakhar]]></dc:creator>
					<guid isPermaLink="false">http://dummy.xtemos.com/woodmart2/mega-electronics/wp-content/uploads/sites/7/2022/12/apple-ipad-mini-pink-1.jpg</guid>
															<wp:post_id>467</wp:post_id>
					<wp:post_date><![CDATA[2022-12-20 14:30:47]]></wp:post_date>
					<wp:post_date_gmt><![CDATA[2022-12-20 14:30:47]]></wp:post_date_gmt>
					<wp:post_modified><![CDATA[2022-12-20 14:30:47]]></wp:post_modified>
					<wp:post_modified_gmt><![CDATA[2022-12-20 14:30:47]]></wp:post_modified_gmt>
					<wp:comment_status><![CDATA[open]]></wp:comment_status>
					<wp:post_name><![CDATA[apple-ipad-mini-pink-1]]></wp:post_name>
					<wp:status><![CDATA[inherit]]></wp:status>
					<wp:post_parent>462</wp:post_parent>
					<wp:menu_order>0</wp:menu_order>
					<wp:post_type><![CDATA[attachment]]></wp:post_type>
											<wp:attachment_url><![CDATA[http://dummy.xtemos.com/woodmart2/mega-electronics/wp-content/uploads/sites/7/2022/12/apple-ipad-mini-pink-1.jpg]]></wp:attachment_url>
																					<wp:postmeta>
							<wp:meta_key><![CDATA[_wp_attached_file]]></wp:meta_key>
							<wp:meta_value><![CDATA[2022/12/apple-ipad-mini-pink-1.jpg]]></wp:meta_value>
						</wp:postmeta>
										</item>
								<item>
					<title><![CDATA[acer-prodesigner-pe320qk-1]]></title>
					<link>http://dummy.xtemos.com/woodmart2/mega-electronics/?attachment_id=538</link>
					<pubDate>Wed, 21 Dec 2022 12:01:19 +0000</pubDate>
					<dc:creator><![CDATA[zakhar]]></dc:creator>
					<guid isPermaLink="false">http://dummy.xtemos.com/woodmart2/mega-electronics/wp-content/uploads/sites/7/2022/12/acer-prodesigner-pe320qk-1.jpg</guid>
															<wp:post_id>538</wp:post_id>
					<wp:post_date><![CDATA[2022-12-21 12:01:19]]></wp:post_date>
					<wp:post_date_gmt><![CDATA[2022-12-21 12:01:19]]></wp:post_date_gmt>
					<wp:post_modified><![CDATA[2022-12-21 12:01:19]]></wp:post_modified>
					<wp:post_modified_gmt><![CDATA[2022-12-21 12:01:19]]></wp:post_modified_gmt>
					<wp:comment_status><![CDATA[open]]></wp:comment_status>
					<wp:post_name><![CDATA[acer-prodesigner-pe320qk-1]]></wp:post_name>
					<wp:status><![CDATA[inherit]]></wp:status>
					<wp:post_parent>537</wp:post_parent>
					<wp:menu_order>0</wp:menu_order>
					<wp:post_type><![CDATA[attachment]]></wp:post_type>
											<wp:attachment_url><![CDATA[http://dummy.xtemos.com/woodmart2/mega-electronics/wp-content/uploads/sites/7/2022/12/acer-prodesigner-pe320qk-1.jpg]]></wp:attachment_url>
																					<wp:postmeta>
							<wp:meta_key><![CDATA[_wp_attached_file]]></wp:meta_key>
							<wp:meta_value><![CDATA[2022/12/acer-prodesigner-pe320qk-1.jpg]]></wp:meta_value>
						</wp:postmeta>
										</item>
								<item>
					<title><![CDATA[aoc-agon-ag493ucx-1]]></title>
					<link>http://dummy.xtemos.com/woodmart2/mega-electronics/?attachment_id=543</link>
					<pubDate>Wed, 21 Dec 2022 12:09:38 +0000</pubDate>
					<dc:creator><![CDATA[zakhar]]></dc:creator>
					<guid isPermaLink="false">http://dummy.xtemos.com/woodmart2/mega-electronics/wp-content/uploads/sites/7/2022/12/aoc-agon-ag493ucx-1.jpg</guid>
															<wp:post_id>543</wp:post_id>
					<wp:post_date><![CDATA[2022-12-21 12:09:38]]></wp:post_date>
					<wp:post_date_gmt><![CDATA[2022-12-21 12:09:38]]></wp:post_date_gmt>
					<wp:post_modified><![CDATA[2022-12-21 12:09:38]]></wp:post_modified>
					<wp:post_modified_gmt><![CDATA[2022-12-21 12:09:38]]></wp:post_modified_gmt>
					<wp:comment_status><![CDATA[open]]></wp:comment_status>
					<wp:post_name><![CDATA[aoc-agon-ag493ucx-1]]></wp:post_name>
					<wp:status><![CDATA[inherit]]></wp:status>
					<wp:post_parent>542</wp:post_parent>
					<wp:menu_order>0</wp:menu_order>
					<wp:post_type><![CDATA[attachment]]></wp:post_type>
											<wp:attachment_url><![CDATA[http://dummy.xtemos.com/woodmart2/mega-electronics/wp-content/uploads/sites/7/2022/12/aoc-agon-ag493ucx-1.jpg]]></wp:attachment_url>
																					<wp:postmeta>
							<wp:meta_key><![CDATA[_wp_attached_file]]></wp:meta_key>
							<wp:meta_value><![CDATA[2022/12/aoc-agon-ag493ucx-1.jpg]]></wp:meta_value>
						</wp:postmeta>
										</item>
								<item>
					<title><![CDATA[aoc-q24p2q-1]]></title>
					<link>http://dummy.xtemos.com/woodmart2/mega-electronics/?attachment_id=561</link>
					<pubDate>Wed, 21 Dec 2022 12:17:22 +0000</pubDate>
					<dc:creator><![CDATA[zakhar]]></dc:creator>
					<guid isPermaLink="false">http://dummy.xtemos.com/woodmart2/mega-electronics/wp-content/uploads/sites/7/2022/12/aoc-q24p2q-1.jpg</guid>
															<wp:post_id>561</wp:post_id>
					<wp:post_date><![CDATA[2022-12-21 12:17:22]]></wp:post_date>
					<wp:post_date_gmt><![CDATA[2022-12-21 12:17:22]]></wp:post_date_gmt>
					<wp:post_modified><![CDATA[2022-12-21 12:17:22]]></wp:post_modified>
					<wp:post_modified_gmt><![CDATA[2022-12-21 12:17:22]]></wp:post_modified_gmt>
					<wp:comment_status><![CDATA[open]]></wp:comment_status>
					<wp:post_name><![CDATA[aoc-q24p2q-1]]></wp:post_name>
					<wp:status><![CDATA[inherit]]></wp:status>
					<wp:post_parent>560</wp:post_parent>
					<wp:menu_order>0</wp:menu_order>
					<wp:post_type><![CDATA[attachment]]></wp:post_type>
											<wp:attachment_url><![CDATA[http://dummy.xtemos.com/woodmart2/mega-electronics/wp-content/uploads/sites/7/2022/12/aoc-q24p2q-1.jpg]]></wp:attachment_url>
																					<wp:postmeta>
							<wp:meta_key><![CDATA[_wp_attached_file]]></wp:meta_key>
							<wp:meta_value><![CDATA[2022/12/aoc-q24p2q-1.jpg]]></wp:meta_value>
						</wp:postmeta>
										</item>
								<item>
					<title><![CDATA[canon-i-sensys-lbp722cdw-1]]></title>
					<link>http://dummy.xtemos.com/woodmart2/mega-electronics/?attachment_id=581</link>
					<pubDate>Wed, 21 Dec 2022 12:32:22 +0000</pubDate>
					<dc:creator><![CDATA[zakhar]]></dc:creator>
					<guid isPermaLink="false">http://dummy.xtemos.com/woodmart2/mega-electronics/wp-content/uploads/sites/7/2022/12/canon-i-sensys-lbp722cdw-1.jpg</guid>
															<wp:post_id>581</wp:post_id>
					<wp:post_date><![CDATA[2022-12-21 12:32:22]]></wp:post_date>
					<wp:post_date_gmt><![CDATA[2022-12-21 12:32:22]]></wp:post_date_gmt>
					<wp:post_modified><![CDATA[2022-12-21 12:32:22]]></wp:post_modified>
					<wp:post_modified_gmt><![CDATA[2022-12-21 12:32:22]]></wp:post_modified_gmt>
					<wp:comment_status><![CDATA[open]]></wp:comment_status>
					<wp:post_name><![CDATA[canon-i-sensys-lbp722cdw-1]]></wp:post_name>
					<wp:status><![CDATA[inherit]]></wp:status>
					<wp:post_parent>580</wp:post_parent>
					<wp:menu_order>0</wp:menu_order>
					<wp:post_type><![CDATA[attachment]]></wp:post_type>
											<wp:attachment_url><![CDATA[http://dummy.xtemos.com/woodmart2/mega-electronics/wp-content/uploads/sites/7/2022/12/canon-i-sensys-lbp722cdw-1.jpg]]></wp:attachment_url>
																					<wp:postmeta>
							<wp:meta_key><![CDATA[_wp_attached_file]]></wp:meta_key>
							<wp:meta_value><![CDATA[2022/12/canon-i-sensys-lbp722cdw-1.jpg]]></wp:meta_value>
						</wp:postmeta>
										</item>
								<item>
					<title><![CDATA[alogic-ultra-mini-usb-1]]></title>
					<link>http://dummy.xtemos.com/woodmart2/mega-electronics/?attachment_id=589</link>
					<pubDate>Wed, 21 Dec 2022 12:36:18 +0000</pubDate>
					<dc:creator><![CDATA[zakhar]]></dc:creator>
					<guid isPermaLink="false">http://dummy.xtemos.com/woodmart2/mega-electronics/wp-content/uploads/sites/7/2022/12/alogic-ultra-mini-usb-1.jpg</guid>
															<wp:post_id>589</wp:post_id>
					<wp:post_date><![CDATA[2022-12-21 12:36:18]]></wp:post_date>
					<wp:post_date_gmt><![CDATA[2022-12-21 12:36:18]]></wp:post_date_gmt>
					<wp:post_modified><![CDATA[2022-12-21 12:36:18]]></wp:post_modified>
					<wp:post_modified_gmt><![CDATA[2022-12-21 12:36:18]]></wp:post_modified_gmt>
					<wp:comment_status><![CDATA[open]]></wp:comment_status>
					<wp:post_name><![CDATA[alogic-ultra-mini-usb-1]]></wp:post_name>
					<wp:status><![CDATA[inherit]]></wp:status>
					<wp:post_parent>588</wp:post_parent>
					<wp:menu_order>0</wp:menu_order>
					<wp:post_type><![CDATA[attachment]]></wp:post_type>
											<wp:attachment_url><![CDATA[http://dummy.xtemos.com/woodmart2/mega-electronics/wp-content/uploads/sites/7/2022/12/alogic-ultra-mini-usb-1.jpg]]></wp:attachment_url>
																					<wp:postmeta>
							<wp:meta_key><![CDATA[_wp_attached_file]]></wp:meta_key>
							<wp:meta_value><![CDATA[2022/12/alogic-ultra-mini-usb-1.jpg]]></wp:meta_value>
						</wp:postmeta>
										</item>
								<item>
					<title><![CDATA[amd-radeon-pro-w5500-1]]></title>
					<link>http://dummy.xtemos.com/woodmart2/mega-electronics/?attachment_id=616</link>
					<pubDate>Wed, 21 Dec 2022 13:05:31 +0000</pubDate>
					<dc:creator><![CDATA[zakhar]]></dc:creator>
					<guid isPermaLink="false">http://dummy.xtemos.com/woodmart2/mega-electronics/wp-content/uploads/sites/7/2022/12/amd-radeon-pro-w5500-1.jpg</guid>
															<wp:post_id>616</wp:post_id>
					<wp:post_date><![CDATA[2022-12-21 13:05:31]]></wp:post_date>
					<wp:post_date_gmt><![CDATA[2022-12-21 13:05:31]]></wp:post_date_gmt>
					<wp:post_modified><![CDATA[2022-12-21 13:05:31]]></wp:post_modified>
					<wp:post_modified_gmt><![CDATA[2022-12-21 13:05:31]]></wp:post_modified_gmt>
					<wp:comment_status><![CDATA[open]]></wp:comment_status>
					<wp:post_name><![CDATA[amd-radeon-pro-w5500-1]]></wp:post_name>
					<wp:status><![CDATA[inherit]]></wp:status>
					<wp:post_parent>615</wp:post_parent>
					<wp:menu_order>0</wp:menu_order>
					<wp:post_type><![CDATA[attachment]]></wp:post_type>
											<wp:attachment_url><![CDATA[http://dummy.xtemos.com/woodmart2/mega-electronics/wp-content/uploads/sites/7/2022/12/amd-radeon-pro-w5500-1.jpg]]></wp:attachment_url>
																					<wp:postmeta>
							<wp:meta_key><![CDATA[_wp_attached_file]]></wp:meta_key>
							<wp:meta_value><![CDATA[2022/12/amd-radeon-pro-w5500-1.jpg]]></wp:meta_value>
						</wp:postmeta>
										</item>
				</channel>
</rss>
	